Date:date,year:year,Diesel (nominal):number,"All petrol, unleaded equivalent (nominal):number","All fuel, unleaded petrol equivalent (nominal):number","All fuel, unleaded petrol equivalent (real*):number","Average, all fuel, unleaded petrol equivalent (real*, weighted by consumption):number","All fuel, unleaded petrol equivalent (real*, excl. tax):text","Average, all fuel, unleaded petrol equivalent (real*, weighted by consumption, excl. tax):number","Diesel (nominal, excl. tax):text","All fuel, unleaded petrol equivalent (nominal, excl. tax):text","All petrol, unleaded equivalent (nominal, excl. tax):text"
1/15/1980,,0.364,0.482,0.392,0.986,1.163,,0.459,,,
4/15/1980,,0.39,0.518,0.42,1.047,1.163,,0.459,,,
7/15/1980,,0.4,0.535,0.433,1.077,1.163,,0.459,,,
10/15/1980,,0.401,0.525,0.428,1.052,1.163,,0.459,,,
1/15/1981,,0.414,0.562,0.453,1.023,1.163,,0.459,,,
4/15/1981,,0.459,0.618,0.499,1.095,1.163,,0.459,,,
7/15/1981,,0.465,0.646,0.517,1.101,1.163,,0.459,,,
10/15/1981,,0.476,0.652,0.524,1.083,1.163,,0.459,,,
1/15/1982,,0.486,0.647,0.524,1.15,1.163,,0.459,,,
4/15/1982,,0.479,0.631,0.513,1.105,1.163,,0.459,,,
7/15/1982,,0.5,0.674,0.544,1.136,1.163,,0.459,,,
10/15/1982,,0.529,0.709,0.573,1.171,1.163,,0.459,,,
1/15/1983,,0.53,0.68,0.557,1.117,1.163,,0.459,,,
4/15/1983,,0.508,0.674,0.547,1.084,1.163,,0.459,,,
7/15/1983,,0.515,0.703,0.566,1.101,1.163,,0.459,,,
10/15/1983,,0.527,0.711,0.574,1.091,1.163,,0.459,,,
1/15/1984,,0.535,0.718,0.581,1.09,1.163,,0.459,,,
4/15/1984,,0.539,0.707,0.576,1.066,1.163,,0.459,,,
7/15/1984,,0.537,0.719,0.582,1.058,1.163,,0.459,,,
10/15/1984,,0.571,0.745,0.608,1.083,1.163,,0.459,,,
1/15/1985,,0.576,0.733,0.603,1.063,1.163,,0.459,,,
4/15/1985,,0.609,0.765,0.631,1.097,1.163,,0.459,,,
7/15/1985,,0.572,0.767,0.622,1.069,1.163,,0.459,,,
10/15/1985,,0.58,0.737,0.606,1.028,1.163,,0.459,,,
1/15/1986,,0.543,0.7,0.571,0.992,1.163,,0.459,,,
4/15/1986,,0.482,0.615,0.503,0.874,1.163,,0.459,,,
7/15/1986,,0.432,0.596,0.476,0.819,1.163,,0.459,,,
10/15/1986,,0.444,0.633,0.501,0.853,1.163,,0.459,,,
1/15/1987,,0.446,0.608,0.489,0.818,1.163,,0.459,,,
4/15/1987,,0.447,0.617,0.494,0.819,1.163,,0.459,,,
7/15/1987,,0.438,0.611,0.488,0.801,1.163,,0.459,,,
10/15/1987,,0.452,0.612,0.493,0.804,1.163,,0.459,,,
1/15/1988,,0.44,0.589,0.476,0.771,1.163,,0.459,,,
4/15/1988,,0.44,0.603,0.483,0.772,1.163,,0.459,,,
7/15/1988,,0.441,0.615,0.49,0.771,1.163,,0.459,,,
10/15/1988,,0.438,0.605,0.484,0.752,1.163,,0.459,,,
1/15/1989,,0.461,0.627,0.505,0.775,1.163,,0.459,,,
4/15/1989,,0.48,0.68,0.542,0.815,1.163,,0.459,,,
7/15/1989,,0.466,0.659,0.525,0.781,1.163,,0.459,,,
10/15/1989,,0.498,0.662,0.538,0.79,1.163,,0.459,,,
1/15/1990,,0.526,0.653,0.546,0.793,1.163,,0.459,,,
4/15/1990,,0.499,0.657,0.538,0.772,1.163,,0.459,,,
7/15/1990,,0.487,0.664,0.538,0.764,1.163,,0.459,,,
10/15/1990,,0.608,0.776,0.643,0.9,1.163,,0.459,,,
1/15/1991,,0.581,0.697,0.593,0.825,1.163,,0.459,,,
4/15/1991,,0.548,0.711,0.588,0.809,1.163,,0.459,,,
7/15/1991,,0.568,0.765,0.627,0.85,1.163,,0.459,,,
10/15/1991,,0.585,0.753,0.626,0.841,1.163,,0.459,,,
1/15/1992,,0.558,0.724,0.603,0.804,1.163,,0.459,,,
4/15/1992,,0.569,0.751,0.622,0.825,1.163,,0.459,,,
7/15/1992,,0.571,0.749,0.621,0.82,1.163,,0.459,,,
10/15/1992,,0.566,0.738,0.614,0.807,1.163,,0.459,,,
1/15/1993,,0.572,0.73,0.614,0.803,1.163,,0.459,,,
4/15/1993,,0.58,0.745,0.626,0.807,1.163,,0.459,,,
7/15/1993,,0.582,0.761,0.635,0.814,1.163,,0.459,,,
1/3/1994,,0.603,0.764,0.647,0.814,1.163,,0.459,,,
1/10/1994,,0.601,0.763,0.645,0.813,1.163,,0.459,,,
1/17/1994,,0.61,0.772,0.653,0.823,1.163,,0.459,,,
1/24/1994,,0.61,0.77,0.652,0.822,1.163,,0.459,,,
1/31/1994,,0.61,0.771,0.653,0.822,1.163,,0.459,,,
2/7/1994,,0.611,0.779,0.657,0.825,1.163,,0.459,,,
2/14/1994,,0.609,0.778,0.656,0.824,1.163,,0.459,,,
2/21/1994,,0.605,0.775,0.653,0.82,1.163,,0.459,,,
2/28/1994,,0.601,0.774,0.651,0.817,1.163,,0.459,,,
3/7/1994,,0.602,0.776,0.652,0.816,1.163,,0.459,,,
3/14/1994,,0.598,0.771,0.649,0.811,1.163,,0.459,,,
3/21/1994,,0.595,0.767,0.645,0.807,1.163,,0.459,,,
3/28/1994,,0.595,0.77,0.647,0.809,1.163,,0.459,,,
4/11/1994,,0.6,0.778,0.652,0.813,1.163,,0.459,,,
4/18/1994,,0.604,0.783,0.657,0.819,1.163,,0.459,,,
4/25/1994,,0.604,0.783,0.657,0.819,1.163,,0.459,,,
5/2/1994,,0.607,0.787,0.66,0.822,1.163,,0.459,,,
5/9/1994,,0.604,0.784,0.657,0.818,1.163,,0.459,,,
5/16/1994,,0.607,0.788,0.661,0.822,1.163,,0.459,,,
5/23/1994,,0.603,0.79,0.66,0.822,1.163,,0.459,,,
5/30/1994,,0.602,0.789,0.66,0.821,1.163,,0.459,,,
6/6/1994,,0.601,0.792,0.661,0.821,1.163,,0.459,,,
6/13/1994,,0.6,0.791,0.66,0.82,1.163,,0.459,,,
6/20/1994,,0.599,0.788,0.658,0.817,1.163,,0.459,,,
6/27/1994,,0.599,0.787,0.657,0.816,1.163,,0.459,,,
7/4/1994,,0.598,0.786,0.656,0.814,1.163,,0.459,,,
7/11/1994,,0.595,0.784,0.654,0.812,1.163,,0.459,,,
7/18/1994,,0.592,0.78,0.651,0.808,1.163,,0.459,,,
7/25/1994,,0.595,0.785,0.655,0.813,1.163,,0.459,,,
8/1/1994,,0.595,0.788,0.656,0.812,1.163,,0.459,,,
8/8/1994,,0.602,0.797,0.664,0.821,1.163,,0.459,,,
8/22/1994,,0.594,0.797,0.661,0.817,1.163,,0.459,,,
8/29/1994,,0.593,0.796,0.66,0.817,1.163,,0.459,,,
9/5/1994,,0.592,0.792,0.657,0.811,1.163,,0.459,,,
9/12/1994,,0.59,0.786,0.654,0.807,1.163,,0.459,,,
9/19/1994,,0.591,0.783,0.652,0.805,1.163,,0.459,,,
9/26/1994,,0.591,0.78,0.651,0.803,1.163,,0.459,,,
10/3/1994,,0.589,0.777,0.648,0.798,1.163,,0.459,,,
10/10/1994,,0.59,0.777,0.649,0.798,1.163,,0.459,,,
10/17/1994,,0.593,0.777,0.65,0.8,1.163,,0.459,,,
10/24/1994,,0.593,0.775,0.648,0.798,1.163,,0.459,,,
11/7/1994,,0.592,0.779,0.65,0.799,1.163,,0.459,,,
11/14/1994,,0.592,0.778,0.65,0.798,1.163,,0.459,,,
11/21/1994,,0.594,0.779,0.651,0.8,1.163,,0.459,,,
11/28/1994,,0.59,0.773,0.647,0.795,1.163,,0.459,,,
12/5/1994,,0.596,0.781,0.653,0.801,1.163,,0.459,,,
12/12/1994,,0.595,0.78,0.652,0.8,1.163,,0.459,,,
12/19/1994,,0.591,0.776,0.649,0.795,1.163,,0.459,,,
1/2/1995,,0.602,0.78,0.658,0.803,1.163,,0.459,,,
1/9/1995,,0.599,0.778,0.655,0.8,1.163,,0.459,,,
1/16/1995,,0.603,0.786,0.661,0.807,1.163,,0.459,,,
1/23/1995,,0.604,0.786,0.662,0.808,1.163,,0.459,,,
1/30/1995,,0.6,0.783,0.658,0.804,1.163,,0.459,,,
2/6/1995,,0.599,0.784,0.659,0.801,1.163,,0.459,,,
2/13/1995,,0.601,0.785,0.66,0.802,1.163,,0.459,,,
2/20/1995,,0.597,0.78,0.656,0.797,1.163,,0.459,,,
2/27/1995,,0.598,0.786,0.659,0.801,1.163,,0.459,,,
3/6/1995,,0.599,0.787,0.661,0.799,1.163,,0.459,,,
3/13/1995,,0.594,0.78,0.655,0.792,1.163,,0.459,,,
3/20/1995,,0.591,0.778,0.653,0.789,1.163,,0.459,,,
3/27/1995,,0.593,0.78,0.655,0.792,1.163,,0.459,,,
4/3/1995,,0.594,0.781,0.656,0.789,1.163,,0.459,,,
4/10/1995,,0.598,0.787,0.66,0.795,1.163,,0.459,,,
4/24/1995,,0.597,0.789,0.661,0.796,1.163,,0.459,,,
5/2/1995,,0.599,0.792,0.663,0.798,1.163,,0.459,,,
5/8/1995,,0.6,0.793,0.664,0.8,1.163,,0.459,,,
5/15/1995,,0.605,0.802,0.671,0.808,1.163,,0.459,,,
5/22/1995,,0.602,0.801,0.669,0.805,1.163,,0.459,,,
5/29/1995,,0.604,0.802,0.671,0.807,1.163,,0.459,,,
6/6/1995,,0.604,0.802,0.67,0.806,1.163,,0.459,,,
6/12/1995,,0.603,0.801,0.669,0.804,1.163,,0.459,,,
6/19/1995,,0.603,0.8,0.669,0.804,1.163,,0.459,,,
6/26/1995,,0.598,0.797,0.665,0.799,1.163,,0.459,,,
7/3/1995,,0.593,0.789,0.659,0.791,1.163,,0.459,,,
7/10/1995,,0.593,0.788,0.658,0.79,1.163,,0.459,,,
7/17/1995,,0.595,0.788,0.659,0.791,1.163,,0.459,,,
7/24/1995,,0.594,0.786,0.658,0.79,1.163,,0.459,,,
7/31/1995,,0.592,0.782,0.655,0.786,1.163,,0.459,,,
8/7/1995,,0.595,0.788,0.659,0.79,1.163,,0.459,,,
8/21/1995,,0.599,0.795,0.664,0.796,1.163,,0.459,,,
8/28/1995,,0.605,0.799,0.669,0.802,1.163,,0.459,,,
9/4/1995,,0.605,0.799,0.669,0.801,1.163,,0.459,,,
9/11/1995,,0.604,0.796,0.667,0.799,1.163,,0.459,,,
9/18/1995,,0.609,0.802,0.672,0.804,1.163,,0.459,,,
9/25/1995,,0.606,0.795,0.667,0.798,1.163,,0.459,,,
10/2/1995,,0.605,0.794,0.666,0.796,1.163,,0.459,,,
10/9/1995,,0.601,0.789,0.662,0.791,1.163,,0.459,,,
10/16/1995,,0.6,0.787,0.661,0.79,1.163,,0.459,,,
10/23/1995,,0.598,0.785,0.659,0.787,1.163,,0.459,,,
10/30/1995,,0.599,0.788,0.661,0.789,1.163,,0.459,,,
11/6/1995,,0.598,0.787,0.66,0.833,1.163,,0.459,,,
11/13/1995,,0.602,0.79,0.663,0.837,1.163,,0.459,,,
11/20/1995,,0.601,0.791,0.663,0.837,1.163,,0.459,,,
11/27/1995,,0.606,0.796,0.668,0.843,1.163,,0.459,,,
12/4/1995,,0.61,0.801,0.672,0.9,1.163,,0.459,,,
12/11/1995,,0.615,0.802,0.675,0.904,1.163,,0.459,,,
12/18/1995,,0.618,0.801,0.675,0.904,1.163,,0.459,,,
1/8/1996,,0.63,0.807,0.684,0.977,1.163,,0.459,,,
1/15/1996,,0.639,0.811,0.69,0.985,1.163,,0.459,,,
1/22/1996,,0.636,0.809,0.688,0.981,1.163,,0.459,,,
1/29/1996,,0.632,0.807,0.685,0.977,1.163,,0.459,,,
2/5/1996,,0.63,0.808,0.685,0.973,1.163,,0.459,,,
2/12/1996,,0.632,0.807,0.685,0.973,1.163,,0.459,,,
2/19/1996,,0.636,0.807,0.687,0.976,1.163,,0.459,,,
2/26/1996,,0.639,0.806,0.687,0.977,1.163,,0.459,,,
3/4/1996,,0.64,0.809,0.689,0.976,1.163,,0.459,,,
3/11/1996,,0.64,0.813,0.691,0.978,1.163,,0.459,,,
3/18/1996,,0.641,0.816,0.694,0.982,1.163,,0.459,,,
3/25/1996,,0.644,0.819,0.696,0.985,1.163,,0.459,,,
4/1/1996,,0.65,0.822,0.7,0.987,1.163,,0.459,,,
4/15/1996,,0.658,0.839,0.712,1.004,1.163,,0.459,,,
4/22/1996,,0.656,0.839,0.712,1.003,1.163,,0.459,,,
4/29/1996,,0.652,0.839,0.71,1.001,1.163,,0.459,,,
5/6/1996,,0.647,0.842,0.71,0.998,1.163,,0.459,,,
5/13/1996,,0.645,0.844,0.709,0.997,1.163,,0.459,,,
5/20/1996,,0.645,0.845,0.71,0.998,1.163,,0.459,,,
5/28/1996,,0.643,0.845,0.709,0.997,1.163,,0.459,,,
6/3/1996,,0.641,0.84,0.706,0.992,1.163,,0.459,,,
6/10/1996,,0.637,0.833,0.701,0.985,1.163,,0.459,,,
6/17/1996,,0.633,0.829,0.697,0.979,1.163,,0.459,,,
6/24/1996,,0.634,0.833,0.699,0.983,1.163,,0.459,,,
7/1/1996,,0.633,0.829,0.697,0.981,1.163,,0.459,,,
7/8/1996,,0.634,0.831,0.698,0.982,1.163,,0.459,,,
7/15/1996,,0.638,0.834,0.702,0.987,1.163,,0.459,,,
7/22/1996,,0.642,0.839,0.706,0.993,1.163,,0.459,,,
7/29/1996,,0.64,0.834,0.702,0.988,1.163,,0.459,,,
8/5/1996,,0.64,0.835,0.703,0.988,1.163,,0.459,,,
8/19/1996,,0.644,0.841,0.708,0.995,1.163,,0.459,,,
8/26/1996,,0.643,0.84,0.707,0.994,1.163,,0.459,,,
9/2/1996,,0.647,0.843,0.71,0.996,1.163,,0.459,,,
9/9/1996,,0.658,0.846,0.716,1.004,1.163,,0.459,,,
9/16/1996,,0.67,0.849,0.722,1.013,1.163,,0.459,,,
9/23/1996,,0.678,0.854,0.728,1.021,1.163,,0.459,,,
9/30/1996,,0.677,0.85,0.725,1.018,1.163,,0.459,,,
10/7/1996,,0.685,0.854,0.731,1.025,1.163,,0.459,,,
10/14/1996,,0.697,0.858,0.738,1.035,1.163,,0.459,,,
10/21/1996,,0.7,0.86,0.741,1.038,1.163,,0.459,,,
10/28/1996,,0.7,0.863,0.742,1.04,1.163,,0.459,,,
11/4/1996,,0.697,0.864,0.741,1.04,1.163,,0.459,,,
11/11/1996,,0.692,0.863,0.739,1.036,1.163,,0.459,,,
11/18/1996,,0.692,0.865,0.74,1.038,1.163,,0.459,,,
11/25/1996,,0.691,0.864,0.739,1.037,1.163,,0.459,,,
12/2/1996,,0.698,0.875,0.747,1.046,1.163,,0.459,,,
12/9/1996,,0.702,0.876,0.749,1.049,1.163,,0.459,,,
12/16/1996,,0.697,0.871,0.745,1.043,1.163,,0.459,,,
1/6/1997,,0.698,0.872,0.746,1.042,1.163,,0.459,,,
1/13/1997,,0.706,0.878,0.752,1.051,1.163,,0.459,,,
1/20/1997,,0.708,0.883,0.755,1.056,1.163,,0.459,,,
1/27/1997,,0.703,0.878,0.75,1.049,1.163,,0.459,,,
2/3/1997,,0.7,0.876,0.749,1.044,1.163,,0.459,,,
2/10/1997,,0.702,0.88,0.751,1.048,1.163,,0.459,,,
2/17/1997,,0.697,0.879,0.748,1.044,1.163,,0.459,,,
2/24/1997,,0.693,0.875,0.745,1.039,1.163,,0.459,,,
3/3/1997,,0.691,0.874,0.744,1.036,1.163,,0.459,,,
3/10/1997,,0.685,0.874,0.741,1.032,1.163,,0.459,,,
3/17/1997,,0.684,0.876,0.742,1.033,1.163,,0.459,,,
3/24/1997,,0.683,0.875,0.741,1.032,1.163,,0.459,,,
4/7/1997,,0.68,0.874,0.739,1.027,1.163,,0.459,,,
4/14/1997,,0.679,0.874,0.739,1.027,1.163,,0.459,,,
4/21/1997,,0.676,0.87,0.735,1.022,1.163,,0.459,,,
4/28/1997,,0.676,0.872,0.737,1.024,1.163,,0.459,,,
5/5/1997,,0.676,0.871,0.736,1.019,1.163,,0.459,,,
5/12/1997,,0.678,0.875,0.739,1.023,1.163,,0.459,,,
5/19/1997,,0.676,0.873,0.737,1.021,1.163,,0.459,,,
5/26/1997,,0.678,0.876,0.74,1.025,1.163,,0.459,,,
6/2/1997,,0.679,0.879,0.741,1.026,1.163,,0.459,,,
6/9/1997,,0.678,0.879,0.741,1.026,1.163,,0.459,,,
6/16/1997,,0.672,0.874,0.736,1.019,1.163,,0.459,,,
6/23/1997,,0.673,0.875,0.737,1.02,1.163,,0.459,,,
6/30/1997,,0.669,0.872,0.733,1.016,1.163,,0.459,,,
7/7/1997,,0.681,0.889,0.747,1.036,1.163,,0.459,,,
7/14/1997,,0.683,0.892,0.75,1.039,1.163,,0.459,,,
7/28/1997,,0.685,0.896,0.753,1.044,1.163,,0.459,,,
8/4/1997,,0.69,0.901,0.758,1.048,1.163,,0.459,,,
8/11/1997,,0.701,0.915,0.769,1.064,1.163,,0.459,,,
8/18/1997,,0.699,0.913,0.768,1.062,1.163,,0.459,,,
8/25/1997,,0.699,0.917,0.77,1.064,1.163,,0.459,,,
9/1/1997,,0.697,0.916,0.768,1.06,1.163,,0.459,,,
9/8/1997,,0.693,0.911,0.764,1.054,1.163,,0.459,,,
9/15/1997,,0.689,0.909,0.761,1.05,1.163,,0.459,,,
9/22/1997,,0.69,0.911,0.763,1.052,1.163,,0.459,,,
9/29/1997,,0.69,0.906,0.76,1.049,1.163,,0.459,,,
10/6/1997,,0.692,0.905,0.761,1.049,1.163,,0.459,,,
10/13/1997,,0.695,0.904,0.761,1.05,1.163,,0.459,,,
10/20/1997,,0.695,0.905,0.762,1.051,1.163,,0.459,,,
10/27/1997,,0.696,0.904,0.762,1.051,1.163,,0.459,,,
11/3/1997,,0.698,0.905,0.763,1.053,1.163,,0.459,,,
11/10/1997,,0.699,0.901,0.761,1.05,1.163,,0.459,,,
11/17/1997,,0.696,0.899,0.758,1.047,1.163,,0.459,,,
11/24/1997,,0.694,0.896,0.757,1.045,1.163,,0.459,,,
12/1/1997,,0.695,0.895,0.757,1.042,1.163,,0.459,,,
12/8/1997,,0.692,0.894,0.754,1.039,1.163,,0.459,,,
12/15/1997,,0.69,0.891,0.752,1.036,1.163,,0.459,,,
1/5/1998,,0.684,0.888,0.746,1.03,1.163,,0.459,,,
1/12/1998,,0.682,0.886,0.745,1.027,1.163,,0.459,,,
1/19/1998,,0.676,0.882,0.74,1.021,1.163,,0.459,,,
1/26/1998,,0.674,0.881,0.738,1.019,1.163,,0.459,,,
2/2/1998,,0.673,0.88,0.738,1.016,1.163,,0.459,,,
2/9/1998,,0.675,0.882,0.739,1.018,1.163,,0.459,,,
2/16/1998,,0.67,0.876,0.734,1.011,1.163,,0.459,,,
2/23/1998,,0.669,0.876,0.734,1.011,1.163,,0.459,,,
3/2/1998,,0.667,0.875,0.732,1.007,1.163,,0.459,,,
3/9/1998,,0.666,0.876,0.732,1.007,1.163,,0.459,,,
3/16/1998,,0.661,0.87,0.727,1,1.163,,0.459,,,
3/23/1998,,0.666,0.876,0.732,1.008,1.163,,0.459,,,
3/30/1998,,0.672,0.883,0.739,1.017,1.163,,0.459,,,
4/6/1998,,0.675,0.885,0.741,1.015,1.163,,0.459,,,
4/20/1998,,0.673,0.883,0.739,1.012,1.163,,0.459,,,
4/27/1998,,0.672,0.882,0.738,1.011,1.163,,0.459,,,
5/4/1998,,0.671,0.881,0.737,1.006,1.163,,0.459,,,
5/11/1998,,0.67,0.878,0.735,1.004,1.163,,0.459,,,
5/18/1998,,0.668,0.878,0.735,1.003,1.163,,0.459,,,
5/25/1998,,0.665,0.877,0.732,1,1.163,,0.459,,,
6/1/1998,,0.664,0.876,0.732,0.999,1.163,,0.459,,,
6/8/1998,,0.662,0.873,0.729,0.996,1.163,,0.459,,,
6/15/1998,,0.662,0.875,0.73,0.996,1.163,,0.459,,,
6/22/1998,,0.661,0.878,0.731,0.998,1.163,,0.459,,,
6/29/1998,,0.663,0.881,0.734,1.002,1.163,,0.459,,,
7/6/1998,,0.662,0.878,0.732,1,1.163,,0.459,,,
7/13/1998,,0.661,0.881,0.733,1.001,1.163,,0.459,,,
7/20/1998,,0.662,0.882,0.734,1.002,1.163,,0.459,,,
7/27/1998,,0.66,0.883,0.733,1.002,1.163,,0.459,,,
8/3/1998,,0.657,0.878,0.73,0.996,1.163,,0.459,,,
8/10/1998,,0.656,0.875,0.728,0.994,1.163,,0.459,,,
8/17/1998,,0.654,0.874,0.727,0.992,1.163,,0.459,,,
8/24/1998,,0.654,0.875,0.727,0.992,1.163,,0.459,,,
8/31/1998,,0.653,0.875,0.726,0.991,1.163,,0.459,,,
9/7/1998,,0.652,0.871,0.724,0.987,1.163,,0.459,,,
9/14/1998,,0.652,0.868,0.723,0.986,1.163,,0.459,,,
9/21/1998,,0.654,0.866,0.722,0.985,1.163,,0.459,,,
9/28/1998,,0.656,0.867,0.724,0.987,1.163,,0.459,,,
10/5/1998,,0.654,0.864,0.722,0.985,1.163,,0.459,,,
10/12/1998,,0.654,0.864,0.721,0.984,1.163,,0.459,,,
10/19/1998,,0.651,0.861,0.719,0.981,1.163,,0.459,,,
10/26/1998,,0.65,0.86,0.718,0.979,1.163,,0.459,,,
11/2/1998,,0.647,0.858,0.715,0.977,1.163,,0.459,,,
11/9/1998,,0.648,0.858,0.715,0.977,1.163,,0.459,,,
11/16/1998,,0.646,0.856,0.714,0.975,1.163,,0.459,,,
11/23/1998,,0.646,0.854,0.713,0.973,1.163,,0.459,,,
11/30/1998,,0.641,0.848,0.707,0.966,1.163,,0.459,,,
12/7/1998,,0.638,0.846,0.705,0.962,1.163,,0.459,,,
12/14/1998,,0.634,0.841,0.701,0.956,1.163,,0.459,,,
1/4/1999,,0.629,0.833,0.694,0.948,1.163,,0.459,,,
1/11/1999,,0.636,0.839,0.7,0.957,1.163,,0.459,,,
1/18/1999,,0.642,0.843,0.705,0.963,1.163,,0.459,,,
1/25/1999,,0.643,0.846,0.706,0.965,1.163,,0.459,,,
2/1/1999,,0.644,0.847,0.707,0.965,1.163,,0.459,,,
2/8/1999,,0.642,0.848,0.707,0.964,1.163,,0.459,,,
2/15/1999,,0.636,0.842,0.701,0.957,1.163,,0.459,,,
2/22/1999,,0.637,0.845,0.703,0.959,1.163,,0.459,,,
3/1/1999,,0.636,0.844,0.702,0.954,1.163,,0.459,,,
3/8/1999,,0.623,0.829,0.689,0.936,1.163,,0.459,,,
3/15/1999,,0.653,0.863,0.719,0.977,1.163,,0.459,,,
3/22/1999,,0.663,0.876,0.73,0.993,1.163,,0.459,,,
3/29/1999,,0.675,0.891,0.743,1.01,1.163,,0.459,,,
4/12/1999,,0.692,0.909,0.76,1.028,1.163,,0.459,,,
4/19/1999,,0.698,0.916,0.766,1.036,1.163,,0.459,,,
4/26/1999,,0.699,0.919,0.768,1.039,1.163,,0.459,,,
5/3/1999,,0.698,0.918,0.767,1.036,1.163,,0.459,,,
5/10/1999,,0.694,0.915,0.764,1.032,1.163,,0.459,,,
5/17/1999,,0.69,0.912,0.76,1.028,1.163,,0.459,,,
5/24/1999,,0.691,0.915,0.762,1.029,1.163,,0.459,,,
5/31/1999,,0.691,0.917,0.763,1.031,1.163,,0.459,,,
6/7/1999,,0.695,0.923,0.768,1.038,1.163,,0.459,,,
6/14/1999,,0.693,0.922,0.767,1.036,1.163,,0.459,,,
6/21/1999,,0.696,0.925,0.769,1.04,1.163,,0.459,,,
6/28/1999,,0.7,0.926,0.772,1.043,1.163,,0.459,,,
7/5/1999,,0.711,0.93,0.778,1.052,1.163,,0.459,,,
7/12/1999,,0.722,0.943,0.79,1.068,1.163,,0.459,,,
7/19/1999,,0.729,0.949,0.796,1.076,1.163,,0.459,,,
7/26/1999,,0.722,0.941,0.789,1.066,1.163,,0.459,,,
8/2/1999,,0.727,0.948,0.795,1.073,1.163,,0.459,,,
8/9/1999,,0.725,0.947,0.793,1.071,1.163,,0.459,,,
8/16/1999,,0.734,0.963,0.805,1.086,1.163,,0.459,,,
8/23/1999,,0.738,0.968,0.81,1.093,1.163,,0.459,,,
8/30/1999,,0.744,0.972,0.814,1.099,1.163,,0.459,,,
9/6/1999,,0.744,0.97,0.813,1.095,1.163,,0.459,,,
9/13/1999,,0.746,0.974,0.816,1.099,1.163,,0.459,,,
9/20/1999,,0.754,0.983,0.825,1.11,1.163,,0.459,,,
9/27/1999,,0.76,0.988,0.829,1.116,1.163,,0.459,,,
10/4/1999,,0.758,0.983,0.826,1.112,1.163,,0.459,,,
10/11/1999,,0.76,0.986,0.829,1.116,1.163,,0.459,,,
10/18/1999,,0.753,0.967,0.816,1.098,1.163,,0.459,,,
10/25/1999,,0.755,0.972,0.819,1.102,1.163,,0.459,,,
11/2/1999,,0.758,0.971,0.82,1.103,1.163,,0.459,,,
11/8/1999,,0.754,0.965,0.816,1.097,1.163,,0.459,,,
11/15/1999,,0.764,0.971,0.823,1.107,1.163,,0.459,,,
11/22/1999,,0.777,0.981,0.833,1.121,1.163,,0.459,,,
11/29/1999,,0.796,0.993,0.848,1.14,1.163,,0.459,,,
12/6/1999,,0.801,0.996,0.852,1.141,1.163,,0.459,,,
12/13/1999,,0.806,1.001,0.857,1.147,1.163,,0.459,,,
1/3/2000,,0.823,1.018,0.874,1.173,1.163,,0.459,,,
1/10/2000,,0.821,1.01,0.869,1.166,1.163,,0.459,,,
1/17/2000,,0.815,1.004,0.863,1.159,1.163,,0.459,,,
1/24/2000,,0.821,1.013,0.87,1.169,1.163,,0.459,,,
1/31/2000,,0.825,1.015,0.873,1.173,1.163,,0.459,,,
2/7/2000,,0.824,1.016,0.873,1.169,1.163,,0.459,,,
2/14/2000,,0.825,1.017,0.874,1.17,1.163,,0.459,,,
2/21/2000,,0.829,1.032,0.883,1.183,1.163,,0.459,,,
2/28/2000,,0.83,1.041,0.888,1.189,1.163,,0.459,,,
3/6/2000,,0.838,1.055,0.899,1.2,1.163,,0.459,,,
3/13/2000,,0.846,1.067,0.908,1.212,1.163,,0.459,,,
3/20/2000,,0.843,1.067,0.906,1.21,1.163,,0.459,,,
3/27/2000,,0.841,1.069,0.907,1.211,1.163,,0.459,,,
4/3/2000,,0.839,1.069,0.906,1.207,1.163,,0.459,,,
4/10/2000,,0.832,1.06,0.898,1.197,1.163,,0.459,,,
4/17/2000,,0.828,1.057,0.895,1.192,1.163,,0.459,,,
4/24/2000,,0.829,1.057,0.895,1.193,1.163,,0.459,,,
5/1/2000,,0.836,1.072,0.906,1.205,1.163,,0.459,,,
5/8/2000,,0.837,1.07,0.906,1.205,1.163,,0.459,,,
5/15/2000,,0.832,1.065,0.9,1.197,1.163,,0.459,,,
5/22/2000,,0.842,1.088,0.916,1.218,1.163,,0.459,,,
5/29/2000,,0.845,1.104,0.926,1.23,1.163,,0.459,,,
6/5/2000,,0.846,1.109,0.928,1.231,1.163,,0.459,,,
6/12/2000,,0.85,1.116,0.934,1.237,1.163,,0.459,,,
6/19/2000,,0.849,1.115,0.933,1.236,1.163,,0.459,,,
6/26/2000,,0.85,1.124,0.938,1.243,1.163,,0.459,,,
7/3/2000,,0.851,1.125,0.939,1.245,1.163,,0.459,,,
7/10/2000,,0.856,1.124,0.94,1.247,1.163,,0.459,,,
7/17/2000,,0.85,1.115,0.933,1.237,1.163,,0.459,,,
7/24/2000,,0.857,1.11,0.934,1.239,1.163,,0.459,,,
7/31/2000,,0.854,1.092,0.924,1.226,1.163,,0.459,,,
8/7/2000,,0.859,1.093,0.926,1.228,1.163,,0.459,,,
8/14/2000,,0.866,1.1,0.933,1.237,1.163,,0.459,,,
8/21/2000,,0.869,1.094,0.931,1.234,1.163,,0.459,,,
8/28/2000,,0.885,1.095,0.939,1.244,1.163,,0.459,,,
9/4/2000,,0.904,1.099,0.95,1.251,1.163,,0.459,,,
9/11/2000,,0.918,1.112,0.963,1.269,1.163,,0.459,,,
9/18/2000,,0.934,1.117,0.972,1.281,1.163,,0.459,,,
9/25/2000,,0.941,1.12,0.977,1.287,1.163,,0.459,,,
10/2/2000,,0.919,1.101,0.958,1.262,1.163,,0.459,,,
10/9/2000,,0.915,1.093,0.952,1.254,1.163,,0.459,,,
10/16/2000,,0.934,1.106,0.967,1.274,1.163,,0.459,,,
10/23/2000,,0.95,1.13,0.986,1.3,1.163,,0.459,,,
11/6/2000,,0.944,1.119,0.978,1.288,1.163,,0.459,,,
11/13/2000,,0.937,1.107,0.968,1.276,1.163,,0.459,,,
11/20/2000,,0.948,1.108,0.974,1.284,1.163,,0.459,,,
11/27/2000,,0.961,1.113,0.983,1.294,1.163,,0.459,,,
12/4/2000,,0.95,1.099,0.971,1.275,1.163,,0.459,,,
12/11/2000,,0.934,1.081,0.955,1.254,1.163,,0.459,,,
12/18/2000,,0.911,1.06,0.934,1.227,1.163,,0.459,,,
1/8/2001,,0.876,1.021,0.9,1.189,1.163,,0.459,,,
1/15/2001,,0.859,1.016,0.889,1.175,1.163,,0.459,,,
1/22/2001,,0.854,1.029,0.893,1.18,1.163,,0.459,,,
1/29/2001,,0.857,1.04,0.9,1.189,1.163,,0.459,,,
2/5/2001,,0.854,1.041,0.899,1.185,1.163,,0.459,,,
2/12/2001,,0.856,1.05,0.904,1.191,1.163,,0.459,,,
2/20/2001,,0.859,1.053,0.907,1.195,1.163,,0.459,,,
2/27/2001,,0.858,1.052,0.906,1.194,1.163,,0.459,,,
3/5/2001,,0.853,1.053,0.904,1.185,1.163,,0.459,,,
3/12/2001,,0.842,1.035,0.89,1.167,1.163,,0.459,,,
3/19/2001,,0.839,1.036,0.889,1.165,1.163,,0.459,,,
3/26/2001,,0.841,1.041,0.892,1.17,1.163,,0.459,,,
4/2/2001,,0.844,1.052,0.9,1.171,1.163,,0.459,,,
4/9/2001,,0.84,1.063,0.903,1.175,1.163,,0.459,,,
4/23/2001,,0.856,1.092,0.924,1.202,1.163,,0.459,,,
4/30/2001,,0.852,1.093,0.923,1.201,1.163,,0.459,,,
5/7/2001,,0.856,1.106,0.931,1.204,1.163,,0.459,,,
5/14/2001,,0.859,1.119,0.938,1.214,1.163,,0.459,,,
5/21/2001,,0.855,1.118,0.936,1.212,1.163,,0.459,,,
5/28/2001,,0.859,1.12,0.939,1.215,1.163,,0.459,,,
6/4/2001,,0.866,1.122,0.943,1.219,1.163,,0.459,,,
6/11/2001,,0.862,1.105,0.933,1.206,1.163,,0.459,,,
6/18/2001,,0.865,1.101,0.932,1.205,1.163,,0.459,,,
6/25/2001,,0.868,1.083,0.926,1.197,1.163,,0.459,,,
7/2/2001,,0.866,1.076,0.921,1.195,1.163,,0.459,,,
7/9/2001,,0.864,1.066,0.916,1.188,1.163,,0.459,,,
7/16/2001,,0.856,1.056,0.907,1.176,1.163,,0.459,,,
7/23/2001,,0.849,1.048,0.899,1.167,1.163,,0.459,,,
7/30/2001,,0.846,1.04,0.894,1.16,1.163,,0.459,,,
8/6/2001,,0.845,1.039,0.894,1.159,1.163,,0.459,,,
8/13/2001,,0.843,1.034,0.89,1.154,1.163,,0.459,,,
8/20/2001,,0.84,1.035,0.889,1.153,1.163,,0.459,,,
8/27/2001,,0.835,1.03,0.885,1.147,1.163,,0.459,,,
9/3/2001,,0.839,1.04,0.891,1.152,1.163,,0.459,,,
9/10/2001,,0.844,1.052,0.899,1.163,1.163,,0.459,,,
9/17/2001,,0.846,1.05,0.899,1.162,1.163,,0.459,,,
9/24/2001,,0.853,1.052,0.903,1.168,1.163,,0.459,,,
10/1/2001,,0.836,1.03,0.885,1.145,1.163,,0.459,,,
10/8/2001,,0.828,1.014,0.874,1.13,1.163,,0.459,,,
10/15/2001,,0.834,1.003,0.871,1.127,1.163,,0.459,,,
10/22/2001,,0.836,0.991,0.866,1.12,1.163,,0.459,,,
10/29/2001,,0.831,0.981,0.859,1.111,1.163,,0.459,,,
11/5/2001,,0.827,0.98,0.857,1.11,1.163,,0.459,,,
11/12/2001,,0.819,0.975,0.85,1.101,1.163,,0.459,,,
11/19/2001,,0.817,0.973,0.849,1.099,1.163,,0.459,,,
11/26/2001,,0.809,0.962,0.84,1.088,1.163,,0.459,,,
12/3/2001,,0.805,0.963,0.838,1.081,1.163,,0.459,,,
12/10/2001,,0.805,0.964,0.839,1.082,1.163,,0.459,,,
12/17/2001,,0.801,0.959,0.835,1.077,1.163,,0.459,,,
1/7/2002,,0.801,0.977,0.819,1.06,1.163,,0.459,,,
1/14/2002,,0.806,0.993,0.828,1.071,1.163,,0.459,,,
1/21/2002,,0.801,0.989,0.824,1.066,1.163,,0.459,,,
1/28/2002,,0.799,0.988,0.822,1.064,1.163,,0.459,,,
2/4/2002,,0.807,1,0.831,1.075,1.163,,0.459,,,
2/11/2002,,0.805,0.998,0.829,1.072,1.163,,0.459,,,
2/18/2002,,0.803,0.999,0.829,1.072,1.163,,0.459,,,
2/25/2002,,0.805,1.004,0.832,1.076,1.163,,0.459,,,
3/4/2002,,0.804,1.006,0.832,1.07,1.163,,0.459,,,
3/11/2002,,0.816,1.019,0.843,1.084,1.163,,0.459,,,
3/18/2002,,0.827,1.033,0.855,1.099,1.163,,0.459,,,
3/25/2002,,0.834,1.046,0.864,1.111,1.163,,0.459,,,
4/8/2002,,0.845,1.073,0.88,1.125,1.163,,0.459,,,
4/15/2002,,0.848,1.081,0.885,1.131,1.163,,0.459,,,
4/22/2002,,0.837,1.071,0.875,1.119,1.163,,0.459,,,
4/29/2002,,0.84,1.073,0.877,1.121,1.163,,0.459,,,
5/6/2002,,0.838,1.069,0.875,1.115,1.163,,0.459,,,
5/13/2002,,0.833,1.06,0.869,1.108,1.163,,0.459,,,
5/20/2002,,0.839,1.066,0.874,1.114,1.163,,0.459,,,
5/27/2002,,0.835,1.065,0.871,1.11,1.163,,0.459,,,
6/3/2002,,0.824,1.053,0.861,1.097,1.163,,0.459,,,
6/10/2002,,0.816,1.044,0.853,1.087,1.163,,0.459,,,
6/17/2002,,0.814,1.043,0.852,1.086,1.163,,0.459,,,
6/24/2002,,0.812,1.038,0.849,1.081,1.163,,0.459,,,
7/1/2002,,0.809,1.038,0.847,1.081,1.163,,0.459,,,
7/8/2002,,0.811,1.04,0.849,1.083,1.163,,0.459,,,
7/15/2002,,0.809,1.039,0.847,1.081,1.163,,0.459,,,
7/22/2002,,0.816,1.042,0.852,1.088,1.163,,0.459,,,
7/29/2002,,0.816,1.046,0.854,1.09,1.163,,0.459,,,
8/5/2002,,0.817,1.051,0.856,1.092,1.163,,0.459,,,
8/12/2002,,0.815,1.047,0.854,1.088,1.163,,0.459,,,
8/19/2002,,0.817,1.046,0.854,1.089,1.163,,0.459,,,
8/26/2002,,0.823,1.047,0.858,1.094,1.163,,0.459,,,
9/2/2002,,0.826,1.05,0.861,1.095,1.163,,0.459,,,
9/9/2002,,0.831,1.057,0.866,1.101,1.163,,0.459,,,
9/16/2002,,0.836,1.063,0.871,1.108,1.163,,0.459,,,
9/23/2002,,0.84,1.063,0.874,1.111,1.163,,0.459,,,
9/30/2002,,0.845,1.066,0.878,1.116,1.163,,0.459,,,
10/7/2002,,0.852,1.069,0.882,1.119,1.163,,0.459,,,
10/14/2002,,0.85,1.063,0.879,1.115,1.163,,0.459,,,
10/21/2002,,0.851,1.061,0.879,1.115,1.163,,0.459,,,
10/28/2002,,0.847,1.06,0.877,1.112,1.163,,0.459,,,
11/4/2002,,0.836,1.051,0.867,1.101,1.163,,0.459,,,
11/11/2002,,0.825,1.039,0.856,1.088,1.163,,0.459,,,
11/18/2002,,0.817,1.029,0.848,1.077,1.163,,0.459,,,
11/25/2002,,0.821,1.027,0.849,1.079,1.163,,0.459,,,
12/2/2002,,0.827,1.031,0.854,1.08,1.163,,0.459,,,
12/9/2002,,0.83,1.034,0.857,1.084,1.163,,0.459,,,
12/16/2002,,0.829,1.033,0.856,1.082,1.163,,0.459,,,
1/6/2003,,0.856,1.061,0.88,1.115,1.163,,0.459,,,
1/13/2003,,0.854,1.055,0.876,1.11,1.163,,0.459,,,
1/20/2003,,0.851,1.058,0.876,1.109,1.163,,0.459,,,
1/27/2003,,0.854,1.062,0.879,1.113,1.163,,0.459,,,
2/3/2003,,0.856,1.069,0.883,1.114,1.163,,0.459,,,
2/10/2003,,0.859,1.072,0.886,1.118,1.163,,0.459,,,
2/17/2003,,0.877,1.086,0.901,1.137,1.163,,0.459,,,
2/24/2003,,0.878,1.079,0.899,1.134,1.163,,0.459,,,
3/3/2003,,0.891,1.082,0.908,1.138,1.163,,0.459,,,
3/10/2003,,0.899,1.081,0.912,1.144,1.163,,0.459,,,
3/17/2003,,0.915,1.083,0.921,1.156,1.163,,0.459,,,
3/24/2003,,0.906,1.069,0.911,1.143,1.163,,0.459,,,
3/31/2003,,0.885,1.053,0.893,1.121,1.163,,0.459,,,
4/7/2003,,0.864,1.061,0.884,1.106,1.163,,0.459,,,
4/14/2003,,0.849,1.055,0.873,1.093,1.163,,0.459,,,
4/28/2003,,0.842,1.044,0.865,1.082,1.163,,0.459,,,
5/5/2003,,0.824,1.029,0.849,1.063,1.163,,0.459,,,
5/12/2003,,0.804,1.009,0.831,1.039,1.163,,0.459,,,
5/19/2003,,0.799,1.008,0.828,1.036,1.163,,0.459,,,
5/26/2003,,0.795,1.004,0.824,1.03,1.163,,0.459,,,
6/2/2003,,0.795,1.005,0.824,1.03,1.163,,0.459,,,
6/9/2003,,0.799,1.011,0.829,1.036,1.163,,0.459,,,
6/16/2003,,0.8,1.012,0.829,1.036,1.163,,0.459,,,
6/23/2003,,0.797,1.012,0.828,1.035,1.163,,0.459,,,
6/30/2003,,0.796,1.012,0.828,1.035,1.163,,0.459,,,
7/7/2003,,0.803,1.021,0.835,1.046,1.163,,0.459,,,
7/14/2003,,0.805,1.024,0.837,1.048,1.163,,0.459,,,
7/21/2003,,0.807,1.026,0.839,1.05,1.163,,0.459,,,
7/28/2003,,0.804,1.029,0.838,1.049,1.163,,0.459,,,
8/4/2003,,0.806,1.03,0.84,1.05,1.163,,0.459,,,
8/18/2003,,0.816,1.04,0.849,1.061,1.163,,0.459,,,
8/25/2003,,0.818,1.048,0.854,1.067,1.163,,0.459,,,
9/1/2003,,0.82,1.049,0.855,1.064,1.163,,0.459,,,
9/8/2003,,0.81,1.042,0.847,1.054,1.163,,0.459,,,
9/15/2003,,0.804,1.032,0.839,1.045,1.163,,0.459,,,
9/22/2003,,0.798,1.024,0.833,1.038,1.163,,0.459,,,
9/29/2003,,0.795,1.02,0.83,1.034,1.163,,0.459,,,
10/6/2003,,0.807,1.023,0.838,1.041,1.163,,0.459,,,
10/13/2003,,0.812,1.018,0.839,1.042,1.163,,0.459,,,
10/20/2003,,0.827,1.027,0.85,1.057,1.163,,0.459,,,
10/27/2003,,0.821,1.024,0.846,1.052,1.163,,0.459,,,
11/3/2003,,0.821,1.025,0.846,1.053,1.163,,0.459,,,
11/10/2003,,0.822,1.023,0.846,1.053,1.163,,0.459,,,
11/17/2003,,0.823,1.02,0.846,1.052,1.163,,0.459,,,
11/24/2003,,0.826,1.022,0.848,1.055,1.163,,0.459,,,
12/1/2003,,0.82,1.017,0.843,1.045,1.163,,0.459,,,
12/8/2003,,0.819,1.016,0.842,1.043,1.163,,0.459,,,
12/15/2003,,0.82,1.014,0.842,1.044,1.163,,0.459,,,
1/5/2004,,0.82,1.013,0.837,1.043,1.163,,0.459,,,
1/12/2004,,0.828,1.024,0.845,1.053,1.163,,0.459,,,
1/19/2004,,0.834,1.03,0.851,1.059,1.163,,0.459,,,
1/26/2004,,0.837,1.035,0.855,1.064,1.163,,0.459,,,
2/2/2004,,0.832,1.035,0.851,1.058,1.163,,0.459,,,
2/9/2004,,0.828,1.035,0.85,1.056,1.163,,0.459,,,
2/16/2004,,0.827,1.038,0.85,1.057,1.163,,0.459,,,
2/23/2004,,0.829,1.043,0.853,1.06,1.163,,0.459,,,
3/1/2004,,0.833,1.046,0.856,1.058,1.163,,0.459,,,
3/8/2004,,0.847,1.06,0.87,1.075,1.163,,0.459,,,
3/15/2004,,0.845,1.055,0.866,1.071,1.163,,0.459,,,
3/22/2004,,0.86,1.068,0.88,1.088,1.163,,0.459,,,
3/29/2004,,0.862,1.071,0.882,1.091,1.163,,0.459,,,
4/5/2004,,0.867,1.082,0.889,1.091,1.163,,0.459,,,
4/13/2004,,0.867,1.086,0.89,1.093,1.163,,0.459,,,
4/19/2004,,0.87,1.086,0.892,1.095,1.163,,0.459,,,
4/26/2004,,0.876,1.09,0.897,1.101,1.163,,0.459,,,
5/3/2004,,0.874,1.084,0.895,1.1,1.163,,0.459,,,
5/10/2004,,0.88,1.098,0.903,1.111,1.163,,0.459,,,
5/17/2004,,0.889,1.104,0.911,1.121,1.163,,0.459,,,
5/24/2004,,0.898,1.114,0.92,1.132,1.163,,0.459,,,
5/31/2004,,0.898,1.116,0.92,1.133,1.163,,0.459,,,
6/7/2004,,0.887,1.105,0.91,1.12,1.163,,0.459,,,
6/14/2004,,0.877,1.089,0.898,1.105,1.163,,0.459,,,
6/21/2004,,0.872,1.083,0.894,1.1,1.163,,0.459,,,
6/28/2004,,0.878,1.089,0.899,1.106,1.163,,0.459,,,
7/5/2004,,0.874,1.082,0.895,1.103,1.163,,0.459,,,
7/12/2004,,0.889,1.1,0.909,1.121,1.163,,0.459,,,
7/19/2004,,0.889,1.108,0.912,1.125,1.163,,0.459,,,
7/26/2004,,0.893,1.107,0.914,1.127,1.163,,0.459,,,
8/2/2004,,0.902,1.11,0.92,1.133,1.163,,0.459,,,
8/9/2004,,0.914,1.111,0.928,1.142,1.163,,0.459,,,
8/16/2004,,0.916,1.106,0.927,1.141,1.163,,0.459,,,
8/23/2004,,0.923,1.108,0.932,1.147,1.163,,0.459,,,
8/30/2004,,0.926,1.106,0.933,1.148,1.163,,0.459,,,
9/6/2004,,0.919,1.097,0.925,1.137,1.163,,0.459,,,
9/13/2004,,0.917,1.092,0.923,1.134,1.163,,0.459,,,
9/20/2004,,0.929,1.101,0.933,1.146,1.163,,0.459,,,
9/27/2004,,0.941,1.11,0.943,1.158,1.163,,0.459,,,
10/4/2004,,0.947,1.11,0.946,1.158,1.163,,0.459,,,
10/11/2004,,0.964,1.122,0.96,1.175,1.163,,0.459,,,
10/18/2004,,0.978,1.126,0.97,1.186,1.163,,0.459,,,
10/25/2004,,0.982,1.122,0.971,1.188,1.163,,0.459,,,
11/1/2004,,0.982,1.119,0.97,1.189,1.163,,0.459,,,
11/8/2004,,0.964,1.105,0.954,1.17,1.163,,0.459,,,
11/15/2004,,0.954,1.099,0.946,1.16,1.163,,0.459,,,
11/22/2004,,0.953,1.094,0.944,1.158,1.163,,0.459,,,
11/29/2004,,0.964,1.096,0.952,1.166,1.163,,0.459,,,
12/6/2004,,0.96,1.085,0.945,1.154,1.163,,0.459,,,
12/13/2004,,0.943,1.061,0.926,1.132,1.163,,0.459,,,
12/20/2004,,0.947,1.057,0.927,1.132,1.163,,0.459,,,
1/3/2005,,0.935,1.041,0.913,1.12,1.163,,0.459,,,
1/10/2005,,0.929,1.038,0.908,1.115,1.163,,0.459,,,
1/17/2005,,0.926,1.043,0.908,1.114,1.163,,0.459,,,
1/24/2005,,0.928,1.046,0.91,1.117,1.163,,0.459,,,
1/31/2005,,0.937,1.065,0.923,1.132,1.163,,0.459,,,
2/7/2005,,0.936,1.074,0.925,1.132,1.163,,0.459,,,
2/14/2005,,0.932,1.071,0.922,1.128,1.163,,0.459,,,
2/21/2005,,0.935,1.072,0.924,1.13,1.163,,0.459,,,
2/28/2005,,0.951,1.078,0.935,1.144,1.163,,0.459,,,
3/7/2005,,0.968,1.087,0.948,1.153,1.163,,0.459,,,
3/14/2005,,0.981,1.096,0.959,1.165,1.163,,0.459,,,
3/21/2005,,0.988,1.097,0.963,1.171,1.163,,0.459,,,
4/4/2005,,1,1.124,0.98,1.184,1.163,,0.459,,,
4/11/2005,,1.021,1.151,1.002,1.211,1.163,,0.459,,,
4/18/2005,,1.016,1.144,0.996,1.204,1.163,,0.459,,,
4/25/2005,,1.014,1.147,0.996,1.204,1.163,,0.459,,,
5/2/2005,,1.012,1.15,0.996,1.201,1.163,,0.459,,,
5/9/2005,,1.004,1.142,0.988,1.191,1.163,,0.459,,,
5/16/2005,,0.995,1.134,0.981,1.182,1.163,,0.459,,,
5/23/2005,,0.989,1.126,0.974,1.174,1.163,,0.459,,,
5/30/2005,,0.987,1.123,0.972,1.171,1.163,,0.459,,,
6/6/2005,,1.009,1.142,0.991,1.193,1.163,,0.459,,,
6/13/2005,,1.029,1.158,1.009,1.214,1.163,,0.459,,,
6/20/2005,,1.042,1.168,1.02,1.228,1.163,,0.459,,,
6/27/2005,,1.051,1.18,1.029,1.239,1.163,,0.459,,,
7/4/2005,,1.056,1.186,1.034,1.246,1.163,,0.459,,,
7/11/2005,,1.067,1.193,1.043,1.257,1.163,,0.459,,,
7/18/2005,,1.065,1.197,1.043,1.257,1.163,,0.459,,,
7/25/2005,,1.06,1.199,1.041,1.255,1.163,,0.459,,,
8/1/2005,,1.059,1.203,1.042,1.253,1.163,,0.459,,,
8/8/2005,,1.062,1.211,1.047,1.258,1.163,,0.459,,,
8/22/2005,,1.089,1.237,1.071,1.288,1.163,,0.459,,,
8/29/2005,,1.092,1.236,1.073,1.29,1.163,,0.459,,,
9/5/2005,,1.123,1.304,1.115,1.334,1.163,,0.459,,,
9/12/2005,,1.117,1.3,1.111,1.329,1.163,,0.459,,,
9/19/2005,,1.102,1.275,1.092,1.308,1.163,,0.459,,,
9/26/2005,,1.107,1.272,1.095,1.31,1.163,,0.459,,,
10/3/2005,,1.122,1.285,1.108,1.322,1.163,,0.459,,,
10/10/2005,,1.124,1.277,1.106,1.319,1.163,,0.459,,,
10/17/2005,,1.122,1.261,1.099,1.312,1.163,,0.459,,,
10/24/2005,,1.116,1.243,1.089,1.3,1.163,,0.459,,,
11/7/2005,,1.091,1.21,1.063,1.272,1.163,,0.459,,,
11/14/2005,,1.075,1.199,1.05,1.257,1.163,,0.459,,,
11/21/2005,,1.056,1.174,1.03,1.232,1.163,,0.459,,,
11/28/2005,,1.054,1.174,1.029,1.231,1.163,,0.459,,,
12/5/2005,,1.045,1.167,1.022,1.219,1.163,,0.459,,,
12/12/2005,,1.052,1.172,1.027,1.226,1.163,,0.459,,,
12/19/2005,,1.055,1.178,1.031,1.23,1.163,,0.459,,,
1/9/2006,,1.073,1.197,1.047,1.256,1.163,,0.459,,,
1/16/2006,,1.07,1.202,1.046,1.256,1.163,,0.459,,,
1/23/2006,,1.072,1.201,1.047,1.257,1.163,,0.459,,,
1/30/2006,,1.08,1.207,1.054,1.265,1.163,,0.459,,,
2/6/2006,,1.085,1.21,1.058,1.266,1.163,,0.459,,,
2/13/2006,,1.077,1.2,1.05,1.257,1.163,,0.459,,,
2/20/2006,,1.07,1.188,1.042,1.247,1.163,,0.459,,,
2/27/2006,,1.073,1.189,1.044,1.249,1.163,,0.459,,,
3/6/2006,,1.08,1.192,1.049,1.249,1.163,,0.459,,,
3/13/2006,,1.083,1.194,1.051,1.252,1.163,,0.459,,,
3/20/2006,,1.09,1.208,1.06,1.262,1.163,,0.459,,,
3/27/2006,,1.088,1.212,1.06,1.262,1.163,,0.459,,,
4/3/2006,,1.096,1.234,1.072,1.266,1.163,,0.459,,,
4/10/2006,,1.098,1.242,1.077,1.271,1.163,,0.459,,,
4/24/2006,,1.129,1.284,1.11,1.31,1.163,,0.459,,,
5/1/2006,,1.136,1.294,1.117,1.314,1.163,,0.459,,,
5/8/2006,,1.136,1.297,1.118,1.315,1.163,,0.459,,,
5/15/2006,,1.129,1.292,1.112,1.308,1.163,,0.459,,,
5/22/2006,,1.123,1.289,1.107,1.303,1.163,,0.459,,,
5/29/2006,,1.112,1.277,1.097,1.29,1.163,,0.459,,,
6/5/2006,,1.118,1.282,1.102,1.296,1.163,,0.459,,,
6/12/2006,,1.122,1.292,1.108,1.302,1.163,,0.459,,,
6/19/2006,,1.115,1.283,1.101,1.294,1.163,,0.459,,,
6/26/2006,,1.112,1.279,1.097,1.29,1.163,,0.459,,,
7/3/2006,,1.122,1.293,1.108,1.303,1.163,,0.459,,,
7/10/2006,,1.125,1.303,1.114,1.31,1.163,,0.459,,,
7/17/2006,,1.133,1.319,1.124,1.322,1.163,,0.459,,,
7/24/2006,,1.141,1.334,1.134,1.334,1.163,,0.459,,,
7/31/2006,,1.136,1.331,1.13,1.33,1.163,,0.459,,,
8/7/2006,,1.143,1.337,1.136,1.334,1.163,,0.459,,,
8/14/2006,,1.144,1.328,1.133,1.331,1.163,,0.459,,,
8/21/2006,,1.133,1.297,1.117,1.311,1.163,,0.459,,,
8/28/2006,,1.129,1.277,1.107,1.3,1.163,,0.459,,,
9/4/2006,,1.124,1.254,1.096,1.286,1.163,,0.459,,,
9/11/2006,,1.105,1.224,1.075,1.261,1.163,,0.459,,,
9/18/2006,,1.09,1.208,1.06,1.244,1.163,,0.459,,,
9/25/2006,,1.068,1.185,1.039,1.22,1.163,,0.459,,,
10/2/2006,,1.06,1.174,1.031,1.209,1.163,,0.459,,,
10/9/2006,,1.057,1.168,1.027,1.205,1.163,,0.459,,,
10/16/2006,,1.062,1.167,1.03,1.208,1.163,,0.459,,,
10/23/2006,,1.06,1.162,1.027,1.204,1.163,,0.459,,,
10/30/2006,,1.056,1.16,1.023,1.2,1.163,,0.459,,,
11/6/2006,,1.049,1.154,1.018,1.195,1.163,,0.459,,,
11/13/2006,,1.05,1.158,1.019,1.196,1.163,,0.459,,,
11/20/2006,,1.05,1.158,1.02,1.197,1.163,,0.459,,,
11/27/2006,,1.047,1.154,1.016,1.193,1.163,,0.459,,,
12/4/2006,,1.053,1.162,1.022,1.196,1.163,,0.459,,,
12/11/2006,,1.054,1.167,1.025,1.199,1.163,,0.459,,,
12/18/2006,,1.054,1.171,1.026,1.2,1.163,,0.459,,,
1/8/2007,,1.047,1.175,1.02,1.2,1.163,,0.459,,,
1/15/2007,,1.032,1.163,1.007,1.185,1.163,,0.459,,,
1/22/2007,,1.025,1.155,1,1.177,1.163,,0.459,,,
1/29/2007,,1.023,1.153,0.998,1.174,1.163,,0.459,,,
2/5/2007,,1.029,1.16,1.004,1.177,1.163,,0.459,,,
2/12/2007,,1.036,1.167,1.011,1.185,1.163,,0.459,,,
2/19/2007,,1.034,1.165,1.009,1.183,1.163,,0.459,,,
2/26/2007,,1.04,1.177,1.016,1.191,1.163,,0.459,,,
3/5/2007,,1.051,1.2,1.031,1.201,1.163,,0.459,,,
3/12/2007,,1.056,1.208,1.037,1.207,1.163,,0.459,,,
3/19/2007,,1.052,1.208,1.034,1.204,1.163,,0.459,,,
3/26/2007,,1.053,1.213,1.036,1.207,1.163,,0.459,,,
4/2/2007,,1.072,1.235,1.055,1.221,1.163,,0.459,,,
4/16/2007,,1.08,1.251,1.065,1.232,1.163,,0.459,,,
4/23/2007,,1.084,1.263,1.071,1.24,1.163,,0.459,,,
4/30/2007,,1.086,1.278,1.078,1.247,1.163,,0.459,,,
5/7/2007,,1.086,1.287,1.081,1.247,1.163,,0.459,,,
5/14/2007,,1.086,1.292,1.082,1.249,1.163,,0.459,,,
5/21/2007,,1.089,1.302,1.088,1.255,1.163,,0.459,,,
5/28/2007,,1.093,1.313,1.094,1.262,1.163,,0.459,,,
6/4/2007,,1.096,1.313,1.095,1.262,1.163,,0.459,,,
6/11/2007,,1.094,1.305,1.091,1.257,1.163,,0.459,,,
6/18/2007,,1.104,1.31,1.099,1.267,1.163,,0.459,,,
6/25/2007,,1.112,1.316,1.106,1.274,1.163,,0.459,,,
7/2/2007,,1.108,1.306,1.1,1.271,1.163,,0.459,,,
7/9/2007,,1.107,1.307,1.1,1.271,1.163,,0.459,,,
7/16/2007,,1.117,1.317,1.109,1.281,1.163,,0.459,,,
7/23/2007,,1.115,1.306,1.104,1.276,1.163,,0.459,,,
7/30/2007,,1.112,1.292,1.098,1.268,1.163,,0.459,,,
8/6/2007,,1.116,1.287,1.099,1.268,1.163,,0.459,,,
8/13/2007,,1.109,1.277,1.091,1.259,1.163,,0.459,,,
8/20/2007,,1.107,1.272,1.089,1.256,1.163,,0.459,,,
8/27/2007,,1.104,1.267,1.085,1.252,1.163,,0.459,,,
9/3/2007,,1.107,1.272,1.089,1.251,1.163,,0.459,,,
9/10/2007,,1.119,1.28,1.098,1.261,1.163,,0.459,,,
9/17/2007,,1.129,1.275,1.103,1.267,1.163,,0.459,,,
9/24/2007,,1.14,1.278,1.11,1.275,1.163,,0.459,,,
10/1/2007,,1.142,1.28,1.112,1.271,1.163,,0.459,,,
10/8/2007,,1.135,1.276,1.107,1.265,1.163,,0.459,,,
10/15/2007,,1.137,1.273,1.107,1.265,1.163,,0.459,,,
10/22/2007,,1.153,1.285,1.12,1.281,1.163,,0.459,,,
10/29/2007,,1.163,1.291,1.128,1.29,1.163,,0.459,,,
11/5/2007,,1.181,1.309,1.145,1.304,1.163,,0.459,,,
11/12/2007,,1.22,1.332,1.177,1.339,1.163,,0.459,,,
11/19/2007,,1.223,1.326,1.176,1.339,1.163,,0.459,,,
11/26/2007,,1.235,1.327,1.184,1.347,1.163,,0.459,,,
12/3/2007,,1.236,1.32,1.182,1.34,1.163,,0.459,,,
12/10/2007,,1.219,1.305,1.167,1.323,1.163,,0.459,,,
12/17/2007,,1.215,1.313,1.167,1.323,1.163,,0.459,,,
1/7/2008,,1.22,1.321,1.172,1.334,1.163,,0.459,,,
1/14/2008,,1.206,1.31,1.16,1.321,1.163,,0.459,,,
1/21/2008,,1.192,1.298,1.148,1.308,1.163,,0.459,,,
1/28/2008,,1.185,1.295,1.143,1.302,1.163,,0.459,,,
2/4/2008,,1.191,1.299,1.148,1.302,1.163,,0.459,,,
2/11/2008,,1.189,1.292,1.145,1.298,1.163,,0.459,,,
2/18/2008,,1.216,1.316,1.168,1.325,1.163,,0.459,,,
2/25/2008,,1.236,1.328,1.184,1.343,1.163,,0.459,,,
3/3/2008,,1.239,1.326,1.186,1.333,1.163,,0.459,,,
3/10/2008,,1.259,1.33,1.199,1.348,1.163,,0.459,,,
3/17/2008,,1.273,1.326,1.206,1.355,1.163,,0.459,,,
3/31/2008,,1.256,1.314,1.192,1.339,1.163,,0.459,,,
4/7/2008,,1.257,1.319,1.194,1.335,1.163,,0.459,,,
4/14/2008,,1.279,1.327,1.21,1.353,1.163,,0.459,,,
4/21/2008,,1.293,1.336,1.222,1.366,1.163,,0.459,,,
4/28/2008,,1.313,1.355,1.24,1.387,1.163,,0.459,,,
5/5/2008,,1.327,1.364,1.251,1.39,1.163,,0.459,,,
5/12/2008,,1.351,1.378,1.271,1.412,1.163,,0.459,,,
5/19/2008,,1.398,1.404,1.307,1.452,1.163,,0.459,,,
5/26/2008,,1.424,1.418,1.328,1.475,1.163,,0.459,,,
6/2/2008,,1.433,1.431,1.337,1.479,1.163,,0.459,,,
6/9/2008,,1.422,1.432,1.332,1.473,1.163,,0.459,,,
6/16/2008,,1.439,1.449,1.347,1.49,1.163,,0.459,,,
6/23/2008,,1.435,1.452,1.346,1.489,1.163,,0.459,,,
6/30/2008,,1.444,1.462,1.355,1.498,1.163,,0.459,,,
7/7/2008,,1.454,1.474,1.365,1.51,1.163,,0.459,,,
7/14/2008,,1.456,1.467,1.363,1.509,1.163,,0.459,,,
7/21/2008,,1.448,1.451,1.353,1.498,1.163,,0.459,,,
7/28/2008,,1.415,1.423,1.324,1.466,1.163,,0.459,,,
8/4/2008,,1.393,1.407,1.306,1.445,1.163,,0.459,,,
8/11/2008,,1.368,1.404,1.289,1.427,1.163,,0.459,,,
8/18/2008,,1.342,1.387,1.268,1.404,1.163,,0.459,,,
8/25/2008,,1.343,1.395,1.271,1.407,1.163,,0.459,,,
9/1/2008,,1.338,1.389,1.266,1.397,1.163,,0.459,,,
9/8/2008,,1.325,1.381,1.256,1.386,1.163,,0.459,,,
9/15/2008,,1.319,1.385,1.253,1.384,1.163,,0.459,,,
9/22/2008,,1.3,1.362,1.234,1.363,1.163,,0.459,,,
9/29/2008,,1.298,1.351,1.229,1.357,1.163,,0.459,,,
10/6/2008,,1.296,1.345,1.226,1.353,1.163,,0.459,,,
10/13/2008,,1.254,1.3,1.186,1.309,1.163,,0.459,,,
10/20/2008,,1.207,1.242,1.139,1.257,1.163,,0.459,,,
10/27/2008,,1.179,1.206,1.11,1.224,1.163,,0.459,,,
11/3/2008,,1.166,1.193,1.098,1.217,1.163,,0.459,,,
11/10/2008,,1.153,1.158,1.078,1.195,1.163,,0.459,,,
11/17/2008,,1.124,1.125,1.05,1.164,1.163,,0.459,,,
11/24/2008,,1.092,1.087,1.018,1.128,1.163,,0.459,,,
12/1/2008,,1.074,1.076,1.003,1.114,1.163,,0.459,,,
12/8/2008,,1.043,1.056,0.979,1.086,1.163,,0.459,,,
12/15/2008,,0.998,1.021,0.939,1.042,1.163,,0.459,,,
1/5/2009,,0.949,0.984,0.898,1.002,1.163,,0.459,,,
1/12/2009,,0.988,1.025,0.934,1.043,1.163,,0.459,,,
1/19/2009,,0.983,1.034,0.935,1.044,1.163,,0.459,,,
1/26/2009,,0.972,1.032,0.927,1.035,1.163,,0.459,,,
2/2/2009,,0.977,1.046,0.935,1.039,1.163,,0.459,,,
2/9/2009,,0.984,1.065,0.946,1.051,1.163,,0.459,,,
2/16/2009,,0.972,1.061,0.937,1.041,1.163,,0.459,,,
2/23/2009,,0.956,1.055,0.925,1.028,1.163,,0.459,,,
3/2/2009,,0.946,1.051,0.918,1.016,1.163,,0.459,,,
3/9/2009,,0.939,1.054,0.914,1.012,1.163,,0.459,,,
3/16/2009,,0.937,1.055,0.913,1.012,1.163,,0.459,,,
3/23/2009,,0.939,1.056,0.915,1.013,1.163,,0.459,,,
3/30/2009,,0.959,1.077,0.934,1.034,1.163,,0.459,,,
4/6/2009,,0.973,1.098,0.949,1.047,1.163,,0.459,,,
4/20/2009,,0.974,1.106,0.953,1.051,1.163,,0.459,,,
4/27/2009,,0.972,1.109,0.952,1.05,1.163,,0.459,,,
5/4/2009,,0.976,1.108,0.954,1.051,1.163,,0.459,,,
5/11/2009,,0.981,1.137,0.967,1.065,1.163,,0.459,,,
5/18/2009,,0.986,1.152,0.975,1.073,1.163,,0.459,,,
5/25/2009,,0.984,1.173,0.981,1.08,1.163,,0.459,,,
6/1/2009,,0.99,1.184,0.987,1.085,1.163,,0.459,,,
6/8/2009,,1.009,1.195,1.003,1.102,1.163,,0.459,,,
6/15/2009,,1.033,1.224,1.027,1.128,1.163,,0.459,,,
6/22/2009,,1.046,1.234,1.039,1.141,1.163,,0.459,,,
6/29/2009,,1.042,1.22,1.031,1.132,1.163,,0.459,,,
7/6/2009,,1.033,1.21,1.022,1.128,1.163,,0.459,,,
7/13/2009,,1.009,1.187,1.001,1.104,1.163,,0.459,,,
7/20/2009,,1.002,1.185,0.995,1.098,1.163,,0.459,,,
7/27/2009,,1.024,1.203,1.015,1.119,1.163,,0.459,,,
8/3/2009,,1.039,1.225,1.031,1.134,1.163,,0.459,,,
8/10/2009,,1.05,1.235,1.041,1.145,1.163,,0.459,,,
8/17/2009,,1.056,1.24,1.046,1.15,1.163,,0.459,,,
8/24/2009,,1.054,1.234,1.043,1.147,1.163,,0.459,,,
8/31/2009,,1.048,1.221,1.035,1.138,1.163,,0.459,,,
9/7/2009,,1.043,1.223,1.033,1.136,1.163,,0.459,,,
9/14/2009,,1.028,1.21,1.019,1.121,1.163,,0.459,,,
9/21/2009,,1.025,1.198,1.013,1.114,1.163,,0.459,,,
9/28/2009,,1.012,1.176,0.999,1.098,1.163,,0.459,,,
10/5/2009,,1.019,1.183,1.005,1.103,1.163,,0.459,,,
10/12/2009,,1.014,1.171,0.998,1.096,1.163,,0.459,,,
10/19/2009,,1.037,1.192,1.019,1.118,1.163,,0.459,,,
10/26/2009,,1.049,1.206,1.031,1.131,1.163,,0.459,,,
11/2/2009,,1.059,1.222,1.042,1.143,1.163,,0.459,,,
11/9/2009,,1.061,1.223,1.044,1.145,1.163,,0.459,,,
11/16/2009,,1.055,1.22,1.039,1.14,1.163,,0.459,,,
11/23/2009,,1.055,1.221,1.039,1.14,1.163,,0.459,,,
11/30/2009,,1.046,1.211,1.031,1.13,1.163,,0.459,,,
12/7/2009,,1.052,1.218,1.036,1.133,1.163,,0.459,,,
12/14/2009,,1.044,1.205,1.027,1.124,1.163,,0.459,,,
12/21/2009,,1.046,1.203,1.028,1.124,1.163,,0.459,,,
1/4/2010,,1.072,1.231,1.049,1.154,1.163,,0.459,,,
1/11/2010,,1.098,1.264,1.075,1.183,1.163,,0.459,,,
1/18/2010,,1.1,1.262,1.076,1.184,1.163,,0.459,,,
1/25/2010,,1.09,1.257,1.069,1.176,1.163,,0.459,,,
2/1/2010,,1.084,1.256,1.064,1.167,1.163,,0.459,,,
2/8/2010,,1.085,1.256,1.065,1.168,1.163,,0.459,,,
2/15/2010,,1.081,1.256,1.062,1.165,1.163,,0.459,,,
2/22/2010,,1.093,1.263,1.072,1.175,1.163,,0.459,,,
3/1/2010,,1.108,1.273,1.085,1.178,1.163,,0.459,,,
3/8/2010,,1.118,1.295,1.098,1.192,1.163,,0.459,,,
3/15/2010,,1.137,1.321,1.117,1.214,1.163,,0.459,,,
3/22/2010,,1.14,1.322,1.119,1.216,1.163,,0.459,,,
3/29/2010,,1.152,1.34,1.133,1.231,1.163,,0.459,,,
4/12/2010,,1.178,1.353,1.153,1.246,1.163,,0.459,,,
4/19/2010,,1.181,1.356,1.156,1.249,1.163,,0.459,,,
4/26/2010,,1.189,1.368,1.164,1.259,1.163,,0.459,,,
5/3/2010,,1.202,1.373,1.174,1.266,1.163,,0.459,,,
5/10/2010,,1.199,1.367,1.17,1.262,1.163,,0.459,,,
5/17/2010,,1.198,1.366,1.17,1.262,1.163,,0.459,,,
5/24/2010,,1.176,1.34,1.148,1.238,1.163,,0.459,,,
5/31/2010,,1.178,1.347,1.151,1.242,1.163,,0.459,,,
6/7/2010,,1.187,1.356,1.16,1.25,1.163,,0.459,,,
6/14/2010,,1.194,1.36,1.165,1.256,1.163,,0.459,,,
6/21/2010,,1.202,1.363,1.171,1.263,1.163,,0.459,,,
6/28/2010,,1.205,1.367,1.174,1.266,1.163,,0.459,,,
7/5/2010,,1.187,1.351,1.158,1.252,1.163,,0.459,,,
7/12/2010,,1.179,1.345,1.151,1.244,1.163,,0.459,,,
7/19/2010,,1.172,1.335,1.143,1.236,1.163,,0.459,,,
7/26/2010,,1.172,1.342,1.146,1.239,1.163,,0.459,,,
8/2/2010,,1.174,1.343,1.147,1.237,1.163,,0.459,,,
8/9/2010,,1.186,1.347,1.156,1.247,1.163,,0.459,,,
8/16/2010,,1.179,1.339,1.149,1.239,1.163,,0.459,,,
8/23/2010,,1.179,1.341,1.15,1.24,1.163,,0.459,,,
8/30/2010,,1.174,1.331,1.144,1.234,1.163,,0.459,,,
9/6/2010,,1.174,1.327,1.142,1.229,1.163,,0.459,,,
9/13/2010,,1.182,1.339,1.151,1.238,1.163,,0.459,,,
9/20/2010,,1.186,1.336,1.152,1.24,1.163,,0.459,,,
9/27/2010,,1.176,1.317,1.14,1.227,1.163,,0.459,,,
10/4/2010,,1.178,1.317,1.142,1.225,1.163,,0.459,,,
10/11/2010,,1.187,1.327,1.15,1.234,1.163,,0.459,,,
10/18/2010,,1.188,1.332,1.152,1.237,1.163,,0.459,,,
10/25/2010,,1.191,1.335,1.156,1.24,1.163,,0.459,,,
11/8/2010,,1.2,1.343,1.163,1.247,1.163,,0.459,,,
11/15/2010,,1.212,1.352,1.174,1.258,1.163,,0.459,,,
11/22/2010,,1.208,1.349,1.171,1.255,1.163,,0.459,,,
11/29/2010,,1.218,1.363,1.181,1.266,1.163,,0.459,,,
12/6/2010,,1.238,1.389,1.201,1.279,1.163,,0.459,,,
12/13/2010,,1.256,1.402,1.217,1.296,1.163,,0.459,,,
12/20/2010,,1.263,1.407,1.223,1.302,1.163,,0.459,,,
1/3/2011,,1.28,1.42,1.234,1.32,1.163,,0.459,,,
1/10/2011,,1.297,1.443,1.251,1.339,1.163,,0.459,,,
1/17/2011,,1.317,1.455,1.268,1.357,1.163,,0.459,,,
1/24/2011,,1.311,1.444,1.261,1.349,1.163,,0.459,,,
1/31/2011,,1.304,1.431,1.252,1.34,1.163,,0.459,,,
2/7/2011,,1.325,1.441,1.268,1.351,1.163,,0.459,,,
2/14/2011,,1.334,1.446,1.275,1.359,1.163,,0.459,,,
2/21/2011,,1.336,1.448,1.278,1.361,1.163,,0.459,,,
2/28/2011,,1.358,1.471,1.298,1.383,1.163,,0.459,,,
3/7/2011,,1.377,1.485,1.315,1.385,1.163,,0.459,,,
3/14/2011,,1.388,1.515,1.33,1.402,1.163,,0.459,,,
3/21/2011,,1.387,1.499,1.325,1.396,1.163,,0.459,,,
3/28/2011,,1.385,1.505,1.325,1.397,1.163,,0.459,,,
4/4/2011,,1.387,1.519,1.331,1.393,1.163,,0.459,,,
4/11/2011,,1.401,1.536,1.345,1.408,1.163,,0.459,,,
4/18/2011,,1.406,1.547,1.351,1.414,1.163,,0.459,,,
5/2/2011,,1.404,1.543,1.349,1.41,1.163,,0.459,,,
5/9/2011,,1.375,1.526,1.325,1.386,1.163,,0.459,,,
5/16/2011,,1.361,1.523,1.316,1.376,1.163,,0.459,,,
5/23/2011,,1.365,1.517,1.316,1.377,1.163,,0.459,,,
5/30/2011,,1.356,1.507,1.308,1.368,1.163,,0.459,,,
6/6/2011,,1.359,1.504,1.309,1.369,1.163,,0.459,,,
6/13/2011,,1.367,1.499,1.313,1.373,1.163,,0.459,,,
6/20/2011,,1.372,1.5,1.315,1.376,1.163,,0.459,,,
6/27/2011,,1.343,1.471,1.289,1.348,1.163,,0.459,,,
7/4/2011,,1.339,1.471,1.286,1.351,1.163,,0.459,,,
7/11/2011,,1.36,1.493,1.306,1.372,1.163,,0.459,,,
7/18/2011,,1.374,1.513,1.321,1.388,1.163,,0.459,,,
7/25/2011,,1.384,1.518,1.329,1.396,1.163,,0.459,,,
8/1/2011,,1.389,1.525,1.334,1.398,1.163,,0.459,,,
8/8/2011,,1.372,1.507,1.318,1.381,1.163,,0.459,,,
8/15/2011,,1.359,1.495,1.306,1.369,1.163,,0.459,,,
8/22/2011,,1.347,1.483,1.295,1.357,1.163,,0.459,,,
8/29/2011,,1.348,1.483,1.295,1.358,1.163,,0.459,,,
9/5/2011,,1.361,1.499,1.308,1.363,1.163,,0.459,,,
9/12/2011,,1.371,1.52,1.321,1.377,1.163,,0.459,,,
9/19/2011,,1.376,1.518,1.324,1.379,1.163,,0.459,,,
9/26/2011,,1.374,1.503,1.318,1.373,1.163,,0.459,,,
10/3/2011,,1.376,1.497,1.317,1.369,1.163,,0.459,,,
10/10/2011,,1.375,1.495,1.317,1.368,1.163,,0.459,,,
10/17/2011,,1.385,1.504,1.325,1.377,1.163,,0.459,,,
10/24/2011,,1.398,1.5,1.332,1.384,1.163,,0.459,,,
10/31/2011,,1.401,1.498,1.334,1.386,1.163,,0.459,,,
11/7/2011,,1.406,1.497,1.337,1.388,1.163,,0.459,,,
11/14/2011,,1.414,1.49,1.339,1.391,1.163,,0.459,,,
11/21/2011,,1.426,1.487,1.346,1.398,1.163,,0.459,,,
11/28/2011,,1.41,1.475,1.332,1.383,1.163,,0.459,,,
12/5/2011,,1.415,1.482,1.338,1.384,1.163,,0.459,,,
12/12/2011,,1.424,1.494,1.347,1.394,1.163,,0.459,,,
12/19/2011,,1.426,1.502,1.35,1.397,1.163,,0.459,,,
12/26/2011,,1.439,1.519,1.363,1.411,1.163,,0.459,,,
1/2/2012,,1.451,1.534,1.373,1.43,1.163,,0.459,,,
1/9/2012,,1.464,1.55,1.386,1.443,1.163,,0.459,,,
1/16/2012,,1.482,1.557,1.4,1.457,1.163,,0.459,,,
1/23/2012,,1.476,1.562,1.397,1.455,1.163,,0.459,,,
1/30/2012,,1.466,1.563,1.391,1.448,1.163,,0.459,,,
2/6/2012,,1.469,1.571,1.395,1.445,1.163,,0.459,,,
2/13/2012,,1.486,1.582,1.409,1.459,1.163,,0.459,,,
2/20/2012,,1.502,1.603,1.425,1.476,1.163,,0.459,,,
2/27/2012,,1.506,1.609,1.429,1.481,1.163,,0.459,,,
3/5/2012,,1.509,1.623,1.436,1.472,1.163,,0.459,,,
3/12/2012,,1.515,1.633,1.442,1.479,1.163,,0.459,,,
3/19/2012,,1.527,1.651,1.456,1.492,1.163,,0.459,,,
3/26/2012,,1.525,1.654,1.455,1.492,1.163,,0.459,,,
4/2/2012,,1.521,1.672,1.457,1.486,1.163,,0.459,,,
4/9/2012,,1.522,1.679,1.46,1.488,1.163,,0.459,,,
4/16/2012,,1.522,1.687,1.463,1.491,1.163,,0.459,,,
4/23/2012,,1.514,1.677,1.455,1.483,1.163,,0.459,,,
4/30/2012,,1.504,1.664,1.444,1.472,1.163,,0.459,,,
5/7/2012,,1.509,1.652,1.444,1.473,1.163,,0.459,,,
5/14/2012,,1.485,1.626,1.421,1.449,1.163,,0.459,,,
5/21/2012,,1.475,1.61,1.41,1.438,1.163,,0.459,,,
5/28/2012,,1.47,1.613,1.408,1.436,1.163,,0.459,,,
6/4/2012,,1.456,1.603,1.396,1.424,1.163,,0.459,,,
6/11/2012,,1.442,1.59,1.383,1.411,1.163,,0.459,,,
6/18/2012,,1.435,1.579,1.375,1.403,1.163,,0.459,,,
6/25/2012,,1.418,1.563,1.36,1.387,1.163,,0.459,,,
7/2/2012,,1.414,1.561,1.357,1.39,1.163,,0.459,,,
7/9/2012,,1.445,1.593,1.386,1.42,1.163,,0.459,,,
7/16/2012,,1.46,1.604,1.398,1.433,1.163,,0.459,,,
7/23/2012,,1.487,1.624,1.422,1.457,1.163,,0.459,,,
7/30/2012,,1.491,1.62,1.423,1.458,1.163,,0.459,,,
8/6/2012,,1.493,1.632,1.428,1.457,1.163,,0.459,,,
8/13/2012,,1.519,1.658,1.452,1.482,1.163,,0.459,,,
8/20/2012,,1.543,1.696,1.478,1.509,1.163,,0.459,,,
8/27/2012,,1.548,1.7,1.483,1.513,1.163,,0.459,,,
9/3/2012,,1.536,1.693,1.473,1.494,1.163,,0.459,,,
9/10/2012,,1.545,1.706,1.482,1.504,1.163,,0.459,,,
9/17/2012,,1.533,1.685,1.469,1.49,1.163,,0.459,,,
9/24/2012,,1.516,1.674,1.455,1.476,1.163,,0.459,,,
10/1/2012,,1.515,1.663,1.451,1.469,1.163,,0.459,,,
10/8/2012,,1.524,1.664,1.457,1.475,1.163,,0.459,,,
10/15/2012,,1.524,1.66,1.456,1.474,1.163,,0.459,,,
10/22/2012,,1.519,1.636,1.446,1.463,1.163,,0.459,,,
10/29/2012,,1.507,1.61,1.431,1.448,1.163,,0.459,,,
11/5/2012,,1.501,1.599,1.423,1.444,1.163,,0.459,,,
11/12/2012,,1.492,1.589,1.415,1.436,1.163,,0.459,,,
11/19/2012,,1.489,1.593,1.414,1.435,1.163,,0.459,,,
11/26/2012,,1.49,1.597,1.416,1.437,1.163,,0.459,,,
12/3/2012,,1.486,1.583,1.409,1.425,1.163,,0.459,,,
12/10/2012,,1.473,1.573,1.399,1.414,1.163,,0.459,,,
12/17/2012,,1.458,1.564,1.386,1.401,1.163,,0.459,,,
1/7/2013,,1.472,1.577,1.396,1.424,1.163,,0.459,,,
1/14/2013,,1.474,1.58,1.398,1.426,1.163,,0.459,,,
1/21/2013,,1.466,1.57,1.39,1.418,1.163,,0.459,,,
1/28/2013,,1.468,1.574,1.393,1.421,1.163,,0.459,,,
2/4/2013,,1.471,1.59,1.399,1.422,1.163,,0.459,,,
2/11/2013,,1.483,1.606,1.411,1.434,1.163,,0.459,,,
2/18/2013,,1.492,1.618,1.421,1.444,1.163,,0.459,,,
2/25/2013,,1.484,1.615,1.415,1.437,1.163,,0.459,,,
3/4/2013,,1.481,1.614,1.412,1.422,1.163,,0.459,,,
3/11/2013,,1.468,1.597,1.399,1.408,1.163,,0.459,,,
3/18/2013,,1.467,1.59,1.397,1.406,1.163,,0.459,,,
3/25/2013,,1.465,1.602,1.398,1.408,1.163,,0.459,,,
4/1/2013,,1.47,1.618,1.406,1.415,1.163,,0.459,,,
4/8/2013,,1.468,1.607,1.402,1.41,1.163,,0.459,,,
4/15/2013,,1.446,1.589,1.382,1.391,1.163,,0.459,,,
4/22/2013,,1.419,1.565,1.358,1.366,1.163,,0.459,,,
4/29/2013,,1.415,1.565,1.356,1.364,1.163,,0.459,,,
5/6/2013,,1.406,1.558,1.348,1.354,1.163,,0.459,,,
5/13/2013,,1.416,1.557,1.354,1.36,1.163,,0.459,,,
5/20/2013,,1.428,1.568,1.365,1.372,1.163,,0.459,,,
5/27/2013,,1.427,1.571,1.365,1.372,1.163,,0.459,,,
6/3/2013,,1.424,1.57,1.363,1.368,1.163,,0.459,,,
6/10/2013,,1.419,1.567,1.359,1.364,1.163,,0.459,,,
6/17/2013,,1.417,1.566,1.358,1.362,1.163,,0.459,,,
6/24/2013,,1.42,1.563,1.358,1.363,1.163,,0.459,,,
7/1/2013,,1.418,1.557,1.356,1.366,1.163,,0.459,,,
7/8/2013,,1.425,1.562,1.362,1.372,1.163,,0.459,,,
7/15/2013,,1.442,1.583,1.378,1.389,1.163,,0.459,,,
7/22/2013,,1.454,1.601,1.391,1.401,1.163,,0.459,,,
7/29/2013,,1.444,1.59,1.382,1.392,1.163,,0.459,,,
8/5/2013,,1.445,1.591,1.383,1.391,1.163,,0.459,,,
8/12/2013,,1.442,1.585,1.379,1.388,1.163,,0.459,,,
8/19/2013,,1.445,1.59,1.382,1.391,1.163,,0.459,,,
8/26/2013,,1.45,1.59,1.386,1.394,1.163,,0.459,,,
9/2/2013,,1.467,1.608,1.402,1.405,1.163,,0.459,,,
9/9/2013,,1.474,1.608,1.406,1.409,1.163,,0.459,,,
9/16/2013,,1.475,1.595,1.403,1.407,1.163,,0.459,,,
9/23/2013,,1.459,1.576,1.388,1.391,1.163,,0.459,,,
9/30/2013,,1.449,1.561,1.377,1.38,1.163,,0.459,,,
10/7/2013,,1.44,1.546,1.367,1.371,1.163,,0.459,,,
10/14/2013,,1.439,1.543,1.366,1.37,1.163,,0.459,,,
10/21/2013,,1.438,1.543,1.364,1.369,1.163,,0.459,,,
10/28/2013,,1.425,1.53,1.353,1.358,1.163,,0.459,,,
11/4/2013,,1.42,1.524,1.347,1.354,1.163,,0.459,,,
11/11/2013,,1.416,1.517,1.343,1.35,1.163,,0.459,,,
11/18/2013,,1.42,1.527,1.349,1.356,1.163,,0.459,,,
11/25/2013,,1.427,1.535,1.355,1.362,1.163,,0.459,,,
12/2/2013,,1.437,1.541,1.364,1.366,1.163,,0.459,,,
12/9/2013,,1.437,1.536,1.362,1.365,1.163,,0.459,,,
12/16/2013,,1.428,1.528,1.354,1.356,1.163,,0.459,,,
1/6/2014,,1.433,1.534,1.357,1.372,1.163,,0.459,,,
1/13/2014,,1.423,1.527,1.349,1.363,1.163,,0.459,,,
1/20/2014,,1.418,1.523,1.344,1.359,1.163,,0.459,,,
1/27/2014,,1.42,1.523,1.345,1.36,1.163,,0.459,,,
2/3/2014,,1.419,1.523,1.345,1.355,1.163,,0.459,,,
2/10/2014,,1.419,1.523,1.345,1.355,1.163,,0.459,,,
2/17/2014,,1.423,1.535,1.351,1.361,1.163,,0.459,,,
2/24/2014,,1.424,1.534,1.352,1.362,1.163,,0.459,,,
3/3/2014,,1.422,1.535,1.35,1.351,1.163,,0.459,,,
3/10/2014,,1.415,1.526,1.343,1.344,1.163,,0.459,,,
3/17/2014,,1.403,1.518,1.333,1.334,1.163,,0.459,,,
3/24/2014,,1.397,1.517,1.329,1.329,1.163,,0.459,,,
3/31/2014,,1.405,1.531,1.338,1.338,1.163,,0.459,,,
4/7/2014,,1.408,1.538,1.342,1.339,1.163,,0.459,,,
4/14/2014,,1.408,1.544,1.343,1.341,1.163,,0.459,,,
4/21/2014,,1.414,1.553,1.349,1.347,1.163,,0.459,,,
4/28/2014,,1.419,1.561,1.355,1.353,1.163,,0.459,,,
5/5/2014,,1.414,1.554,1.35,1.347,1.163,,0.459,,,
5/12/2014,,1.411,1.555,1.348,1.346,1.163,,0.459,,,
5/19/2014,,1.412,1.551,1.348,1.346,1.163,,0.459,,,
5/26/2014,,1.421,1.558,1.355,1.353,1.163,,0.459,,,
6/2/2014,,1.419,1.559,1.354,1.35,1.163,,0.459,,,
6/9/2014,,1.411,1.564,1.351,1.346,1.163,,0.459,,,
6/16/2014,,1.418,1.576,1.358,1.354,1.163,,0.459,,,
6/23/2014,,1.428,1.586,1.367,1.363,1.163,,0.459,,,
6/30/2014,,1.431,1.589,1.37,1.366,1.163,,0.459,,,
7/7/2014,,1.428,1.592,1.369,1.373,1.163,,0.459,,,
7/14/2014,,1.419,1.588,1.363,1.366,1.163,,0.459,,,
7/21/2014,,1.415,1.581,1.358,1.361,1.163,,0.459,,,
7/28/2014,,1.415,1.578,1.357,1.361,1.163,,0.459,,,
8/4/2014,,1.412,1.566,1.352,1.354,1.163,,0.459,,,
8/11/2014,,1.415,1.561,1.352,1.354,1.163,,0.459,,,
8/18/2014,,1.41,1.555,1.348,1.35,1.163,,0.459,,,
8/25/2014,,1.404,1.551,1.342,1.344,1.163,,0.459,,,
9/1/2014,,1.411,1.558,1.349,1.347,1.163,,0.459,,,
9/8/2014,,1.408,1.556,1.346,1.344,1.163,,0.459,,,
9/15/2014,,1.409,1.558,1.347,1.345,1.163,,0.459,,,
9/22/2014,,1.406,1.557,1.345,1.343,1.163,,0.459,,,
9/29/2014,,1.402,1.554,1.342,1.34,1.163,,0.459,,,
10/6/2014,,1.398,1.55,1.338,1.336,1.163,,0.459,,,
10/13/2014,,1.386,1.54,1.328,1.326,1.163,,0.459,,,
10/20/2014,,1.357,1.498,1.297,1.295,1.163,,0.459,,,
10/27/2014,,1.356,1.493,1.295,1.293,1.163,,0.459,,,
11/3/2014,,1.356,1.49,1.295,1.296,1.163,,0.459,,,
11/10/2014,,1.354,1.483,1.291,1.293,1.163,,0.459,,,
11/17/2014,,1.346,1.47,1.283,1.285,1.163,,0.459,,,
11/24/2014,,1.333,1.463,1.272,1.274,1.163,,0.459,,,
12/1/2014,,1.316,1.445,1.256,1.259,1.163,,0.459,,,
12/8/2014,,1.293,1.417,1.233,1.236,1.163,,0.459,,,
12/15/2014,,1.261,1.378,1.202,1.205,1.163,,0.459,,,
1/5/2015,,1.22,1.327,1.16,1.178,1.163,,0.459,,,
1/12/2015,,1.196,1.301,1.137,1.155,1.163,,0.459,,,
1/19/2015,,1.177,1.286,1.12,1.138,1.163,,0.459,,,
1/26/2015,,1.18,1.291,1.124,1.141,1.163,,0.459,,,
2/2/2015,,1.185,1.294,1.128,1.14,1.163,,0.459,,,
2/9/2015,,1.219,1.329,1.16,1.172,1.163,,0.459,,,
2/16/2015,,1.244,1.35,1.182,1.195,1.163,,0.459,,,
2/23/2015,,1.265,1.366,1.2,1.213,1.163,,0.459,,,
3/2/2015,,1.279,1.384,1.214,1.216,1.163,,0.459,,,
3/9/2015,,1.289,1.407,1.227,1.229,1.163,,0.459,,,
3/16/2015,,1.292,1.422,1.232,1.234,1.163,,0.459,,,
3/23/2015,,1.273,1.414,1.218,1.22,1.163,,0.459,,,
3/30/2015,,1.272,1.423,1.22,1.221,1.163,,0.459,,,
4/13/2015,,1.273,1.431,1.222,1.219,1.163,,0.459,,,
4/20/2015,,1.292,1.449,1.24,1.236,1.163,,0.459,,,
4/27/2015,,1.306,1.465,1.253,1.249,1.163,,0.459,,,
5/4/2015,,1.305,1.465,1.253,1.245,1.163,,0.459,,,
5/11/2015,,1.315,1.475,1.262,1.254,1.163,,0.459,,,
5/18/2015,,1.312,1.471,1.259,1.251,1.163,,0.459,,,
5/25/2015,,1.317,1.48,1.265,1.257,1.163,,0.459,,,
6/1/2015,,1.311,1.476,1.26,1.252,1.163,,0.459,,,
6/8/2015,,1.305,1.474,1.255,1.247,1.163,,0.459,,,
6/15/2015,,1.302,1.485,1.256,1.248,1.163,,0.459,,,
6/22/2015,,1.301,1.492,1.257,1.249,1.163,,0.459,,,
6/29/2015,,1.298,1.488,1.254,1.246,1.163,,0.459,,,
7/6/2015,,1.293,1.492,1.252,1.25,1.163,,0.459,,,
7/13/2015,,1.282,1.501,1.247,1.245,1.163,,0.459,,,
7/20/2015,,1.276,1.497,1.242,1.24,1.163,,0.459,,,
7/27/2015,,1.259,1.481,1.226,1.224,1.163,,0.459,,,
8/3/2015,,1.243,1.472,1.214,1.212,1.163,,0.459,,,
8/10/2015,,1.229,1.455,1.2,1.198,1.163,,0.459,,,
8/17/2015,,1.216,1.437,1.186,1.185,1.163,,0.459,,,
8/24/2015,,1.197,1.399,1.164,1.162,1.163,,0.459,,,
8/31/2015,,1.175,1.367,1.141,1.139,1.163,,0.459,,,
9/7/2015,,1.187,1.368,1.149,1.146,1.163,,0.459,,,
9/14/2015,,1.193,1.367,1.153,1.149,1.163,,0.459,,,
9/21/2015,,1.188,1.36,1.147,1.144,1.163,,0.459,,,
9/28/2015,,1.179,1.342,1.137,1.133,1.163,,0.459,,,
10/5/2015,,1.178,1.333,1.134,1.129,1.163,,0.459,,,
10/12/2015,,1.186,1.338,1.14,1.136,1.163,,0.459,,,
10/19/2015,,1.175,1.328,1.131,1.126,1.163,,0.459,,,
10/26/2015,,1.169,1.321,1.125,1.12,1.163,,0.459,,,
11/2/2015,,1.173,1.325,1.128,1.128,1.163,,0.459,,,
11/9/2015,,1.184,1.337,1.139,1.139,1.163,,0.459,,,
11/16/2015,,1.187,1.342,1.142,1.142,1.163,,0.459,,,
11/23/2015,,1.179,1.335,1.135,1.135,1.163,,0.459,,,
11/30/2015,,1.177,1.336,1.134,1.134,1.163,,0.459,,,
12/7/2015,,1.162,1.325,1.121,1.121,1.163,,0.459,,,
12/14/2015,,1.129,1.3,1.092,1.092,1.163,,0.459,,,
12/21/2015,,1.116,1.293,1.082,1.082,1.163,,0.459,,,
12/28/2015,,1.103,1.286,1.072,1.072,1.163,,0.459,,,
1/4/2016,,1.09,1.279,1.059,1.072,1.163,,0.459,,,
1/11/2016,,1.081,1.272,1.051,1.064,1.163,,0.459,,,
1/18/2016,,1.053,1.249,1.027,1.039,1.163,,0.459,,,
1/25/2016,,1.036,1.246,1.014,1.027,1.163,,0.459,,,
2/1/2016,,1.039,1.248,1.017,1.028,1.163,,0.459,,,
2/8/2016,,1.044,1.238,1.017,1.028,1.163,,0.459,,,
2/15/2016,,1.029,1.21,1,1.011,1.163,,0.459,,,
2/22/2016,,1.041,1.213,1.009,1.02,1.163,,0.459,,,
2/29/2016,,1.044,1.212,1.011,1.022,1.163,,0.459,,,
3/7/2016,,1.059,1.222,1.023,1.025,1.163,,0.459,,,
3/14/2016,,1.082,1.24,1.043,1.045,1.163,,0.459,,,
3/21/2016,,1.089,1.247,1.05,1.051,1.163,,0.459,,,
3/28/2016,,1.086,1.259,1.051,1.053,1.163,,0.459,,,
4/4/2016,,1.084,1.27,1.053,1.051,1.163,,0.459,,,
4/11/2016,,1.071,1.27,1.044,1.042,1.163,,0.459,,,
4/18/2016,,1.087,1.286,1.059,1.057,1.163,,0.459,,,
4/25/2016,,1.101,1.3,1.072,1.07,1.163,,0.459,,,
5/2/2016,,1.116,1.309,1.084,1.078,1.163,,0.459,,,
5/9/2016,,1.116,1.304,1.083,1.077,1.163,,0.459,,,
5/16/2016,,1.123,1.309,1.089,1.083,1.163,,0.459,,,
5/23/2016,,1.142,1.324,1.105,1.099,1.163,,0.459,,,
5/30/2016,,1.167,1.344,1.127,1.121,1.163,,0.459,,,
6/6/2016,,1.169,1.343,1.128,1.12,1.163,,0.459,,,
6/13/2016,,1.167,1.336,1.125,1.116,1.163,,0.459,,,
6/20/2016,,1.164,1.333,1.122,1.113,1.163,,0.459,,,
6/27/2016,,1.153,1.322,1.112,1.103,1.163,,0.459,,,
7/4/2016,,1.152,1.318,1.111,1.107,1.163,,0.459,,,
7/11/2016,,1.142,1.299,1.099,1.095,1.163,,0.459,,,
7/18/2016,,1.14,1.297,1.097,1.093,1.163,,0.459,,,
7/25/2016,,1.136,1.291,1.093,1.089,1.163,,0.459,,,
8/1/2016,,1.119,1.278,1.078,1.074,1.163,,0.459,,,
8/8/2016,,1.108,1.27,1.069,1.064,1.163,,0.459,,,
8/15/2016,,1.111,1.268,1.07,1.066,1.163,,0.459,,,
8/22/2016,,1.129,1.282,1.086,1.081,1.163,,0.459,,,
8/29/2016,,1.141,1.293,1.096,1.092,1.163,,0.459,,,
9/5/2016,,1.138,1.291,1.094,1.086,1.163,,0.459,,,
9/12/2016,,1.141,1.299,1.098,1.09,1.163,,0.459,,,
9/19/2016,,1.135,1.295,1.093,1.085,1.163,,0.459,,,
9/26/2016,,1.134,1.29,1.092,1.084,1.163,,0.459,,,
10/3/2016,,1.14,1.295,1.097,1.087,1.163,,0.459,,,
10/10/2016,,1.153,1.302,1.107,1.097,1.163,,0.459,,,
10/17/2016,,1.166,1.307,1.117,1.107,1.163,,0.459,,,
10/24/2016,,1.174,1.314,1.125,1.114,1.163,,0.459,,,
10/31/2016,,1.175,1.313,1.125,1.114,1.163,,0.459,,,
11/7/2016,,1.167,1.309,1.119,1.111,1.163,,0.459,,,
11/14/2016,,1.159,1.305,1.112,1.104,1.163,,0.459,,,
11/21/2016,,1.157,1.299,1.109,1.102,1.163,,0.459,,,
11/28/2016,,1.171,1.31,1.121,1.114,1.163,,0.459,,,
12/5/2016,,1.185,1.325,1.134,1.121,1.163,,0.459,,,
12/12/2016,,1.201,1.339,1.149,1.136,1.163,,0.459,,,
12/19/2016,,1.217,1.352,1.163,1.15,1.163,,0.459,,,
1/2/2017,,1.235,1.371,1.179,1.174,1.163,,0.459,,,
1/9/2017,,1.247,1.377,1.19,1.184,1.163,,0.459,,,
1/16/2017,,1.241,1.373,1.184,1.179,1.163,,0.459,,,
1/23/2017,,1.24,1.378,1.185,1.179,1.163,,0.459,,,
1/30/2017,,1.244,1.384,1.189,1.184,1.163,,0.459,,,
2/6/2017,,1.243,1.385,1.189,1.178,1.163,,0.459,,,
2/13/2017,,1.246,1.391,1.192,1.182,1.163,,0.459,,,
2/20/2017,,1.247,1.393,1.193,1.183,1.163,,0.459,,,
2/27/2017,,1.248,1.392,1.194,1.184,1.163,,0.459,,,
3/6/2017,,1.245,1.382,1.189,1.171,1.163,,0.459,,,
3/13/2017,,1.236,1.37,1.18,1.162,1.163,,0.459,,,
3/20/2017,,1.222,1.356,1.167,1.149,1.163,,0.459,,,
3/27/2017,,1.212,1.349,1.158,1.141,1.163,,0.459,,,
4/3/2017,,1.214,1.361,1.163,1.138,1.163,,0.459,,,
4/10/2017,,1.227,1.375,1.175,1.15,1.163,,0.459,,,
4/24/2017,,1.238,1.388,1.186,1.161,1.163,,0.459,,,
5/1/2017,,1.227,1.378,1.176,1.151,1.163,,0.459,,,
5/8/2017,,1.21,1.361,1.16,1.135,1.163,,0.459,,,
5/15/2017,,1.199,1.353,1.151,1.126,1.163,,0.459,,,
5/22/2017,,1.198,1.351,1.15,1.125,1.163,,0.459,,,
5/29/2017,,1.2,1.35,1.151,1.126,1.163,,0.459,,,
6/5/2017,,1.194,1.346,1.146,1.12,1.163,,0.459,,,
6/12/2017,,1.174,1.332,1.129,1.103,1.163,,0.459,,,
6/19/2017,,1.167,1.325,1.122,1.097,1.163,,0.459,,,
6/26/2017,,1.157,1.314,1.113,1.088,1.163,,0.459,,,
7/3/2017,,1.155,1.312,1.111,1.09,1.163,,0.459,,,
7/10/2017,,1.161,1.311,1.115,1.093,1.163,,0.459,,,
7/17/2017,,1.164,1.315,1.118,1.096,1.163,,0.459,,,
7/24/2017,,1.164,1.313,1.117,1.096,1.163,,0.459,,,
7/31/2017,,1.166,1.315,1.119,1.098,1.163,,0.459,,,
8/7/2017,,1.177,1.319,1.127,1.103,1.163,,0.459,,,
8/14/2017,,1.178,1.321,1.129,1.105,1.163,,0.459,,,
8/21/2017,,1.174,1.319,1.125,1.101,1.163,,0.459,,,
8/28/2017,,1.173,1.321,1.125,1.101,1.163,,0.459,,,
9/4/2017,,1.18,1.339,1.135,1.107,1.163,,0.459,,,
9/11/2017,,1.196,1.354,1.149,1.121,1.163,,0.459,,,
9/18/2017,,1.203,1.356,1.155,1.126,1.163,,0.459,,,
9/25/2017,,1.211,1.354,1.159,1.131,1.163,,0.459,,,
10/2/2017,,1.221,1.349,1.164,1.135,1.163,,0.459,,,
10/9/2017,,1.22,1.342,1.163,1.133,1.163,,0.459,,,
10/16/2017,,1.218,1.341,1.16,1.131,1.163,,0.459,,,
10/23/2017,,1.22,1.339,1.161,1.132,1.163,,0.459,,,
10/30/2017,,1.225,1.349,1.167,1.137,1.163,,0.459,,,
11/6/2017,,1.236,1.364,1.178,1.15,1.163,,0.459,,,
11/13/2017,,1.239,1.365,1.181,1.152,1.163,,0.459,,,
11/20/2017,,1.246,1.367,1.186,1.157,1.163,,0.459,,,
11/27/2017,,1.246,1.366,1.185,1.157,1.163,,0.459,,,
12/4/2017,,1.247,1.366,1.186,1.154,1.163,,0.459,,,
12/11/2017,,1.242,1.359,1.181,1.149,1.163,,0.459,,,
12/18/2017,,1.248,1.363,1.187,1.154,1.163,,0.459,,,
1/1/2018,,1.26,1.375,1.197,1.173,1.163,,0.459,,,
1/8/2018,,1.283,1.382,1.215,1.191,1.163,,0.459,,,
1/15/2018,,1.283,1.38,1.214,1.19,1.163,,0.459,,,
1/22/2018,,1.285,1.384,1.216,1.192,1.163,,0.459,,,
1/29/2018,,1.287,1.391,1.219,1.195,1.163,,0.459,,,
2/5/2018,,1.284,1.388,1.217,1.19,1.163,,0.459,,,
2/12/2018,,1.273,1.378,1.207,1.18,1.163,,0.459,,,
2/19/2018,,1.257,1.363,1.192,1.166,1.163,,0.459,,,
2/26/2018,,1.259,1.361,1.193,1.166,1.163,,0.459,,,
3/5/2018,,1.258,1.356,1.191,1.155,1.163,,0.459,,,
3/12/2018,,1.253,1.349,1.186,1.15,1.163,,0.459,,,
3/19/2018,,1.255,1.352,1.188,1.152,1.163,,0.459,,,
3/26/2018,,1.266,1.358,1.197,1.161,1.163,,0.459,,,
4/9/2018,,1.278,1.383,1.212,1.169,1.163,,0.459,,,
4/16/2018,,1.291,1.396,1.224,1.181,1.163,,0.459,,,
4/23/2018,,1.297,1.401,1.229,1.186,1.163,,0.459,,,
4/30/2018,,1.309,1.412,1.239,1.196,1.163,,0.459,,,
5/7/2018,,1.316,1.419,1.246,1.195,1.163,,0.459,,,
5/14/2018,,1.333,1.437,1.263,1.211,1.163,,0.459,,,
5/21/2018,,1.356,1.461,1.284,1.232,1.163,,0.459,,,
5/28/2018,,1.371,1.474,1.297,1.244,1.163,,0.459,,,
6/4/2018,,1.374,1.476,1.3,1.244,1.163,,0.459,,,
6/11/2018,,1.363,1.467,1.29,1.236,1.163,,0.459,,,
6/18/2018,,1.359,1.461,1.286,1.231,1.163,,0.459,,,
6/25/2018,,1.35,1.452,1.278,1.223,1.163,,0.459,,,
7/2/2018,,1.35,1.453,1.277,1.226,1.163,,0.459,,,
7/9/2018,,1.355,1.458,1.282,1.23,1.163,,0.459,,,
7/16/2018,,1.354,1.459,1.282,1.23,1.163,,0.459,,,
7/23/2018,,1.345,1.451,1.274,1.222,1.163,,0.459,,,
7/30/2018,,1.349,1.459,1.279,1.227,1.163,,0.459,,,
8/6/2018,,1.352,1.466,1.282,1.228,1.163,,0.459,,,
8/13/2018,,1.352,1.465,1.282,1.228,1.163,,0.459,,,
8/20/2018,,1.355,1.465,1.284,1.23,1.163,,0.459,,,
8/27/2018,,1.358,1.468,1.287,1.232,1.163,,0.459,,,
9/3/2018,,1.365,1.473,1.293,1.234,1.163,,0.459,,,
